Y,M,D,最高气温,最低气温
2011,1,1,1,-2
2011,1,2,0,-1
2011,1,3,1,-1
2011,1,4,1,0
2011,1,5,2,0
2011,1,6,1,1
2011,1,7,3,-2
2011,1,8,3,0
2011,1,9,0,-2
2011,1,10,1,0
2011,1,11,2,-1
2011,1,12,4,-2
2011,1,13,7,1
2011,1,14,4,1
2011,1,15,4,-1
2011,1,16,4,0
2011,1,26,4,2
2011,1,29,6,-1
2011,1,30,3,-1
2011,1,31,3,0
2011,2,1,10,3
2011,2,2,13,2
2011,2,3,15,4
2011,2,4,17,5
2011,2,5,19,7
2011,2,6,21,7
2011,2,7,22,11
2011,2,8,23,12
2011,2,9,11,5
2011,2,10,6,2
2011,2,11,8,2
2011,2,12,6,3
2011,2,13,6,1
2011,2,14,9,1
2011,2,15,6,3
2011,2,16,6,3
2011,2,17,8,4
2011,2,18,10,4
2011,2,19,11,6
2011,2,20,15,4
2011,2,21,16,5
2011,2,22,17,9
2011,2,23,18,10
2011,2,24,19,12
2011,2,25,19,13
2011,2,26,17,10
2011,2,27,8,4
2011,2,28,5,4
2011,3,1,6,3
2011,3,2,12,3
2011,3,3,10,5
2011,3,4,14,3
2011,3,5,10,7
2011,3,6,9,6
2011,3,7,15,5
2011,3,8,18,8
2011,3,9,17,8
2011,3,10,13,7
2011,3,11,11,7
2011,3,12,18,11
2011,3,13,23,14
2011,3,14,20,6
2011,3,15,10,4
2011,3,16,14,8
2011,3,17,19,8
2011,3,18,14,8
2011,3,19,14,9
2011,3,20,16,10
2011,3,21,9,5
2011,3,22,9,6
2011,3,23,12,7
2011,3,24,14,8
2011,3,25,15,8
2011,3,26,14,8
2011,3,27,19,10
2011,3,28,22,9
2011,3,29,24,10
2011,3,30,26,12
2011,3,31,24,15
2011,4,1,26,17
2011,4,2,18,13
2011,4,3,8,5
2011,4,4,12,7
2011,4,5,16,12
2011,4,6,13,10
2011,4,7,12,10
2011,4,8,15,10
2011,4,9,16,12
2011,4,10,18,13
2011,4,11,17,12
2011,4,12,18,14
2011,4,13,19,14
2011,4,14,28,16
2011,4,15,28,19
2011,4,16,21,16
2011,4,17,24,15
2011,4,18,27,16
2011,4,19,28,14
2011,4,20,28,18
2011,4,21,21,17
2011,4,22,25,16
2011,4,23,27,16
2011,4,24,28,18
2011,4,25,32,20
2011,4,26,33,20
2011,4,27,34,20
2011,4,28,33,21
2011,4,29,32,23
2011,4,30,29,21
2011,5,1,29,20
2011,5,2,24,17
2011,5,3,18,13
2011,5,4,24,15
2011,5,5,28,17
2011,5,6,29,20
2011,5,7,32,23
2011,5,8,34,25
2011,5,9,32,26
2011,5,10,31,25
2011,5,11,22,18
2011,5,12,22,19
2011,5,13,28,19
2011,5,14,26,20
2011,5,15,24,17
2011,5,16,27,17
2011,5,17,32,20
2011,5,18,34,22
2011,5,19,35,23
2011,5,20,35,25
2011,5,21,22,18
2011,5,22,15,13
2011,5,23,18,13
2011,5,24,21,15
2011,5,25,24,16
2011,5,26,28,19
2011,5,27,30,20
2011,5,28,32,22
2011,5,29,34,22
2011,5,30,34,23
2011,5,31,26,22
2011,6,1,26,19
2011,6,2,23,19
2011,6,3,22,17
2011,6,4,26,19
2011,6,5,23,20
2011,6,6,25,21
2011,6,7,31,23
2011,6,8,34,25
2011,6,9,34,26
2011,6,10,26,23
2011,6,11,30,23
2011,6,12,29,24
2011,6,13,27,23
2011,6,14,26,23
2011,6,15,26,21
2011,6,16,32,25
2011,6,17,30,22
2011,6,18,30,22
2011,6,19,25,23
2011,6,20,27,24
2011,6,21,34,25
2011,6,22,36,27
2011,6,23,35,27
2011,6,24,33,24
2011,6,25,30,25
2011,6,26,31,24
2011,6,27,34,25
2011,6,28,30,25
2011,6,29,29,25
2011,6,30,33,25
2011,7,1,35,27
2011,7,2,35,28
2011,7,3,36,28
2011,7,4,37,28
2011,7,5,37,28
2011,7,6,37,29
2011,7,7,34,23
2011,7,8,26,22
2011,7,9,32,21
2011,7,10,33,26
2011,7,11,32,26
2011,7,12,32,25
2011,7,13,31,25
2011,7,14,31,24
2011,7,15,30,24
2011,7,16,30,24
2011,7,17,32,24
2011,7,18,32,25
2011,7,19,33,26
2011,7,20,34,26
2011,7,21,36,27
2011,7,22,37,28
2011,7,23,37,29
2011,7,24,37,28
2011,7,25,39,30
2011,7,26,38,30
2011,7,27,38,30
2011,7,28,38,30
2011,7,29,38,30
2011,7,30,38,29
2011,7,31,37,28
2011,8,1,35,26
2011,8,2,34,25
2011,8,3,34,25
2011,8,4,30,24
2011,8,5,29,23
2011,8,6,27,23
2011,8,7,27,24
2011,8,8,30,24
2011,8,9,33,26
2011,8,10,30,26
2011,8,11,31,25
2011,8,12,33,25
2011,8,13,35,27
2011,8,14,36,29
2011,8,15,37,29
2011,8,16,37,29
2011,8,17,37,29
2011,8,18,37,29
2011,8,19,37,29
2011,8,20,36,28
2011,8,21,37,26
2011,8,22,32,23
2011,8,23,24,22
2011,8,24,26,22
2011,8,25,27,22
2011,8,26,29,23
2011,8,27,31,24
2011,8,28,31,24
2011,8,29,32,24
2011,8,30,31,23
2011,8,31,28,23
2011,9,1,29,24
2011,9,2,32,25
2011,9,3,34,26
2011,9,4,35,26
2011,9,5,34,26
2011,9,6,32,24
2011,9,7,31,22
2011,9,8,25,20
2011,9,9,25,20
2011,9,10,24,20
2011,9,11,28,21
2011,9,12,30,24
2011,9,13,33,24
2011,9,14,35,27
2011,9,15,35,27
2011,9,16,30,23
2011,9,17,31,22
2011,9,18,19,14
2011,9,19,15,13
2011,9,20,17,13
2011,9,21,21,14
2011,9,22,23,16
2011,9,23,25,17
2011,9,24,27,18
2011,9,25,28,19
2011,9,26,28,21
2011,9,27,28,23
2011,9,28,30,22
2011,9,29,22,17
2011,9,30,20,18
2011,10,1,19,17
2011,10,2,18,16
2011,10,3,17,15
2011,10,4,20,15
2011,10,5,21,16
2011,10,6,25,16
2011,10,7,25,18
2011,10,8,27,18
2011,10,9,29,19
2011,10,10,30,20
2011,10,11,29,21
2011,10,12,27,20
2011,10,13,20,17
2011,10,14,25,16
2011,10,15,26,16
2011,10,16,26,16
2011,10,17,27,16
2011,10,18,27,16
2011,10,19,25,17
2011,10,20,23,17
2011,10,21,25,18
2011,10,22,26,17
2011,10,23,27,18
2011,10,24,18,14
2011,10,25,15,12
2011,10,26,17,13
2011,10,27,16,13
2011,10,28,15,12
2011,10,29,20,13
2011,10,30,22,13
2011,10,31,23,14
2011,11,1,18,14
2011,11,2,25,18
2011,11,3,25,18
2011,11,4,24,17
2011,11,5,20,17
2011,11,6,21,17
2011,11,7,16,13
2011,11,8,14,13
2011,11,9,14,10
2011,11,10,18,9
2011,11,11,21,8
2011,11,12,21,12
2011,11,13,20,11
2011,11,14,22,13
2011,11,15,22,12
2011,11,16,23,14
2011,11,17,24,14
2011,11,18,21,14
2011,11,19,20,15
2011,11,20,21,12
2011,11,21,21,11
2011,11,22,22,11
2011,11,23,21,10
2011,11,24,23,12
2011,11,25,23,11
2011,11,26,23,12
2011,11,27,22,17
2011,11,28,21,15
2011,11,29,13,7
2011,11,30,7,3
2011,12,1,7,1
2011,12,2,13,2
2011,12,3,14,1
2011,12,4,14,6
2011,12,5,15,8
2011,12,6,11,7
2011,12,7,7,4
2011,12,8,9,3
2011,12,9,11,4
2011,12,10,9,4
2011,12,11,10,1
2011,12,12,13,2
2011,12,13,14,5
2011,12,14,10,7
2011,12,15,8,6
2011,12,16,10,4
2011,12,17,10,3
2011,12,18,10,5
2011,12,19,12,4
2011,12,20,9,6
2011,12,21,9,6
2011,12,22,8,2
2011,12,23,10,2
2011,12,24,12,1
2011,12,25,12,2
2011,12,26,14,3
2011,12,27,12,5
2011,12,28,13,6
2011,12,29,9,6
2011,12,30,9,5
2011,12,31,9,5
2012,1,1,10,4
2012,1,2,8,3
2012,1,3,5,1
2012,1,4,4,1
2012,1,5,4,0
2012,1,6,7,3
2012,1,7,8,5
2012,1,8,8,5
2012,1,9,8,4
2012,1,10,7,4
2012,1,11,7,5
2012,1,12,8,4
2012,1,13,6,4
2012,1,14,6,3
2012,1,16,9,3
2012,1,17,5,3
2012,1,18,5,3
2012,1,19,8,2
2012,1,20,6,2
2012,1,21,3,0
2012,1,22,0,-3
2012,1,23,0,-2
2012,1,24,4,0
2012,1,25,3,-1
2012,1,26,3,0
2012,1,27,6,1
2012,1,28,4,2
2012,1,29,4,2
2012,1,30,7,4
2012,1,31,8,2
2012,2,1,9,4
2012,2,2,6,2
2012,2,3,7,1
2012,2,4,7,4
2012,2,5,8,5
2012,2,6,4,1
2012,2,7,7,1
2012,2,8,6,1
2012,2,9,5,1
2012,2,10,5,2
2012,2,11,7,2
2012,2,12,7,4
2012,2,13,7,4
2012,2,14,6,3
2012,2,15,6,3
2012,2,16,5,2
2012,2,17,6,3
2012,2,18,6,3
2012,2,19,13,6
2012,2,20,10,7
2012,2,21,12,7
2012,2,22,10,8
2012,2,23,8,6
2012,2,24,6,4
2012,2,25,6,3
2012,2,26,5,2
2012,2,27,5,2
2012,2,28,8,5
2012,2,29,9,5
2012,3,1,7,4
2012,3,2,7,5
2012,3,3,6,5
2012,3,4,7,5
2012,3,5,8,5
2012,3,6,8,5
2012,3,7,8,5
2012,3,8,8,5
2012,3,9,6,4
2012,3,10,8,4
2012,3,11,11,6
2012,3,12,16,6
2012,3,13,13,6
2012,3,14,17,10
2012,3,15,14,10
2012,3,16,14,10
2012,3,17,14,11
2012,3,18,17,12
2012,3,19,17,12
2012,3,20,11,7
2012,3,21,13,9
2012,3,22,11,6
2012,3,23,12,4
2012,3,24,19,7
2012,3,25,22,7
2012,3,26,25,12
2012,3,27,26,13
2012,3,28,23,16
2012,3,29,18,14
2012,3,30,14,10
2012,3,31,22,10
2012,4,1,18,15
2012,4,2,19,14
2012,4,3,21,12
2012,4,4,20,13
2012,4,5,20,13
2012,4,6,20,13
2012,4,7,20,13
2012,4,8,19,14
2012,4,9,20,13
2012,4,10,18,15
2012,4,11,21,12
2012,4,12,20,13
2012,4,13,22,14
2012,4,14,21,14
2012,4,15,15,13
2012,4,16,20,13
2012,4,17,18,16
2012,4,18,24,16
2012,4,19,22,16
2012,4,20,27,18
2012,4,21,27,15
2012,4,22,28,19
2012,4,23,26,21
2012,4,24,24,19
2012,4,25,25,15
2012,4,26,28,18
2012,4,27,25,20
2012,4,28,25,20
2012,4,29,25,21
2012,4,30,25,21
2012,5,1,23,19
2012,5,2,23,19
2012,5,3,23,19
2012,5,4,26,19
2012,5,5,28,19
2012,5,6,31,22
2012,5,7,30,23
2012,5,8,29,24
2012,5,9,27,25
2012,5,10,28,24
2012,5,11,30,24
2012,5,12,26,23
2012,5,13,23,19
2012,5,14,21,17
2012,5,15,23,17
2012,5,16,27,19
2012,5,17,30,20
2012,5,18,30,21
2012,5,19,28,19
2012,5,20,28,19
2012,5,21,28,21
2012,5,22,27,21
2012,5,23,21,18
2012,5,24,20,17
2012,5,25,21,18
2012,5,26,21,17
2012,5,27,28,19
2012,5,28,27,20
2012,5,29,24,20
2012,5,30,26,19
2012,5,31,29,19
2012,6,1,25,21
2012,6,2,26,21
2012,6,3,25,20
2012,6,4,23,20
2012,6,5,25,21
2012,6,6,25,22
2012,6,7,27,24
2012,6,8,30,23
2012,6,9,32,25
2012,6,10,31,25
2012,6,11,28,24
2012,6,12,33,24
2012,6,13,34,25
2012,6,14,33,27
2012,6,15,32,23
2012,6,16,34,25
2012,6,17,32,24
2012,6,18,32,24
2012,6,19,34,24
2012,6,20,34,25
2012,6,21,33,26
2012,6,22,31,25
2012,6,23,30,24
2012,6,24,29,23
2012,6,25,32,25
2012,6,26,29,26
2012,6,27,30,26
2012,6,28,32,26
2012,6,29,34,26
2012,6,30,35,27
2012,7,1,35,27
2012,7,2,36,28
2012,7,3,35,27
2012,7,4,36,27
2012,7,5,36,28
2012,7,6,36,28
2012,7,7,37,29
2012,7,8,37,29
2012,7,9,36,28
2012,7,10,36,29
2012,7,11,37,29
2012,7,12,37,29
2012,7,13,33,28
2012,7,14,30,27
2012,7,15,30,24
2012,7,16,29,26
2012,7,17,28,25
2012,7,18,30,25
2012,7,19,31,25
2012,7,20,34,26
2012,7,21,36,26
2012,7,22,36,28
2012,7,23,36,29
2012,7,24,34,27
2012,7,25,33,27
2012,7,26,35,27
2012,7,27,35,28
2012,7,28,35,28
2012,7,29,35,28
2012,7,30,36,29
2012,7,31,37,29
2012,8,1,37,28
2012,8,2,35,27
2012,8,3,32,27
2012,8,4,29,25
2012,8,5,31,25
2012,8,6,34,27
2012,8,7,35,26
2012,8,8,34,27
2012,8,9,33,27
2012,8,10,32,26
2012,8,11,32,27
2012,8,12,32,27
2012,8,13,32,27
2012,8,14,34,27
2012,8,15,35,27
2012,8,16,35,27
2012,8,17,34,28
2012,8,18,36,28
2012,8,19,36,27
2012,8,20,36,28
2012,8,21,33,27
2012,8,22,26,23
2012,8,23,27,22
2012,8,24,27,21
2012,8,25,31,23
2012,8,26,30,24
2012,8,27,32,25
2012,8,28,31,25
2012,8,29,27,19
2012,8,30,34,24
2012,8,31,35,26
2012,9,1,36,27
2012,9,2,33,28
2012,9,3,26,21
2012,9,4,28,21
2012,9,5,32,22
2012,9,6,33,24
2012,9,7,34,24
2012,9,8,35,26
2012,9,9,31,23
2012,9,10,31,22
2012,9,11,32,23
2012,9,12,31,24
2012,9,13,22,18
2012,9,14,26,16
2012,9,15,28,18
2012,9,16,28,17
2012,9,17,27,18
2012,9,18,28,20
2012,9,19,30,18
2012,9,20,31,20
2012,9,21,24,19
2012,9,22,24,20
2012,9,23,24,20
2012,9,24,27,21
2012,9,25,29,21
2012,9,26,28,22
2012,9,27,28,22
2012,9,28,25,22
2012,9,29,26,17
2012,9,30,27,16
2012,10,1,28,18
2012,10,2,28,18
2012,10,3,29,18
2012,10,4,25,19
2012,10,5,24,19
2012,10,6,24,17
2012,10,7,24,17
2012,10,8,26,18
2012,10,9,25,19
2012,10,10,26,17
2012,10,11,27,17
2012,10,12,27,19
2012,10,13,26,19
2012,10,14,21,17
2012,10,15,22,18
2012,10,16,22,18
2012,10,17,22,15
2012,10,18,25,13
2012,10,19,28,14
2012,10,20,27,17
2012,10,21,29,20
2012,10,22,21,17
2012,10,23,21,14
2012,10,24,24,14
2012,10,25,22,14
2012,10,26,24,16
2012,10,27,23,16
2012,10,28,23,16
2012,10,29,20,16
2012,10,30,18,14
2012,10,31,23,15
2012,11,1,23,15
2012,11,2,25,12
2012,11,3,19,14
2012,11,4,18,9
2012,11,5,19,10
2012,11,6,20,12
2012,11,7,14,12
2012,11,8,13,11
2012,11,9,14,11
2012,11,10,13,11
2012,11,11,16,11
2012,11,12,17,11
2012,11,13,21,10
2012,11,14,21,11
2012,11,15,14,12
2012,11,16,11,9
2012,11,17,17,8
2012,11,18,17,7
2012,11,19,16,7
2012,11,20,13,9
2012,11,21,13,11
2012,11,22,12,10
2012,11,23,12,10
2012,11,24,12,9
2012,11,25,11,9
2012,11,26,10,6
2012,11,27,12,6
2012,11,28,11,8
2012,11,29,13,7
2012,11,30,10,7
2012,12,1,11,8
2012,12,2,12,7
2012,12,3,12,6
2012,12,4,11,5
2012,12,5,14,6
2012,12,6,16,7
2012,12,7,17,6
2012,12,8,8,5
2012,12,9,8,5
2012,12,10,7,6
2012,12,11,7,6
2012,12,12,10,7
2012,12,13,12,7
2012,12,14,12,8
2012,12,15,7,5
2012,12,16,10,5
2012,12,17,7,5
2012,12,18,7,4
2012,12,19,7,2
2012,12,20,7,4
2012,12,21,5,3
2012,12,22,4,1
2012,12,23,7,1
2012,12,24,13,0
2012,12,25,7,2
2012,12,26,4,2
2012,12,27,3,0
2012,12,28,5,0
2012,12,29,2,0
2012,12,30,5,-1
2012,12,31,9,-2
2013,1,1,11,-2
2013,1,2,5,2
2013,1,3,3,1
2013,1,4,1,-1
2013,1,5,1,-3
2013,1,6,2,-1
2013,1,7,3,0
2013,1,8,3,1
2013,1,9,5,2
2013,1,10,7,1
2013,1,11,6,3
2013,1,12,10,4
2013,1,13,12,4
2013,1,14,13,3
2013,1,15,13,4
2013,1,16,11,6
2013,1,17,10,7
2013,1,18,11,1
2013,1,19,12,1
2013,1,20,13,6
2013,1,21,6,3
2013,1,22,4,2
2013,1,23,7,3
2013,1,24,10,3
2013,1,25,12,3
2013,1,26,13,5
2013,1,27,14,3
2013,1,28,14,6
2013,1,29,18,7
2013,1,30,20,10
2013,1,31,22,15
2013,2,1,16,11
2013,2,2,13,8
2013,2,3,19,7
2013,2,4,15,9
2013,2,5,9,6
2013,2,6,10,6
2013,2,7,5,3
2013,2,8,3,0
2013,2,9,1,-2
2013,2,10,5,0
2013,2,11,5,3
2013,2,12,5,3
2013,2,13,8,4
2013,2,14,6,4
2013,2,15,8,5
2013,2,16,15,6
2013,2,17,15,9
2013,2,18,10,6
2013,2,19,5,2
2013,2,20,5,1
2013,2,21,6,4
2013,2,22,12,4
2013,2,23,17,4
2013,2,24,19,7
2013,2,25,12,10
2013,2,26,13,10
2013,2,27,15,9
2013,2,28,20,12
2013,3,1,18,8
2013,3,2,8,2
2013,3,3,14,4
2013,3,4,21,7
2013,3,5,21,8
2013,3,6,25,12
2013,3,7,26,13
2013,3,8,29,13
2013,3,9,28,16
2013,3,10,24,16
2013,3,11,18,9
2013,3,12,26,14
2013,3,13,18,11
2013,3,14,18,10
2013,3,15,20,10
2013,3,16,19,10
2013,3,17,15,13
2013,3,18,20,10
2013,3,19,21,12
2013,3,20,19,13
2013,3,21,19,11
2013,3,22,22,15
2013,3,23,16,12
2013,3,24,19,11
2013,3,25,19,10
2013,3,26,15,11
2013,3,27,19,9
2013,3,28,19,12
2013,3,29,24,14
2013,3,30,21,14
2013,3,31,23,15
2013,4,1,20,16
2013,4,2,20,15
2013,4,3,21,15
2013,4,4,20,15
2013,4,5,17,14
2013,4,6,18,9
2013,4,7,20,9
2013,4,8,20,10
2013,4,9,16,11
2013,4,10,18,11
2013,4,11,18,12
2013,4,12,21,13
2013,4,13,24,15
2013,4,14,28,16
2013,4,15,29,15
2013,4,16,26,19
2013,4,17,28,22
2013,4,18,28,22
2013,4,19,26,16
2013,4,20,14,9
2013,4,21,18,9
2013,4,22,24,13
2013,4,23,18,14
2013,4,24,15,12
2013,4,25,25,13
2013,4,26,27,16
2013,4,27,30,16
2013,4,28,30,20
2013,4,29,27,22
2013,4,30,22,17
2013,5,1,27,15
2013,5,2,24,17
2013,5,3,22,18
2013,5,4,23,17
2013,5,5,26,20
2013,5,6,26,21
2013,5,7,25,21
2013,5,8,25,21
2013,5,9,24,21
2013,5,10,25,20
2013,5,11,28,18
2013,5,12,32,17
2013,5,13,33,19
2013,5,14,27,22
2013,5,15,27,23
2013,5,16,25,20
2013,5,17,24,18
2013,5,18,22,20
2013,5,19,23,19
2013,5,20,28,19
2013,5,21,31,19
2013,5,22,33,20
2013,5,23,35,23
2013,5,24,34,24
2013,5,25,30,24
2013,5,26,28,24
2013,5,27,32,24
2013,5,28,35,23
2013,5,29,29,22
2013,5,30,21,17
2013,5,31,28,19
2013,6,1,29,23
2013,6,2,30,21
2013,6,3,31,21
2013,6,4,33,23
2013,6,5,32,25
2013,6,6,29,25
2013,6,7,27,23
2013,6,8,30,22
2013,6,9,29,23
2013,6,10,25,20
2013,6,11,28,19
2013,6,12,29,18
2013,6,13,32,21
2013,6,14,33,22
2013,6,15,34,23
2013,6,16,35,27
2013,6,17,36,28
2013,6,18,37,29
2013,6,19,37,29
2013,6,20,37,29
2013,6,21,35,29
2013,6,22,34,28
2013,6,23,35,27
2013,6,24,35,28
2013,6,25,33,28
2013,6,26,30,26
2013,6,27,28,24
2013,6,28,26,23
2013,6,29,31,25
2013,6,30,35,26
2013,7,1,36,28
2013,7,2,35,29
2013,7,3,36,28
2013,7,4,36,28
2013,7,5,35,29
2013,7,6,35,29
2013,7,7,34,29
2013,7,8,35,28
2013,7,9,36,29
2013,7,10,36,28
2013,7,11,37,28
2013,7,12,37,29
2013,7,13,37,30
2013,7,14,35,29
2013,7,15,36,29
2013,7,16,36,29
2013,7,17,35,29
2013,7,18,35,29
2013,7,19,36,29
2013,7,20,37,29
2013,7,21,35,28
2013,7,22,37,29
2013,7,23,37,29
2013,7,24,37,29
2013,7,25,37,30
2013,7,26,37,29
2013,7,27,38,30
2013,7,28,38,29
2013,7,29,37,29
2013,7,30,38,29
2013,7,31,39,30
2013,8,1,39,31
2013,8,2,38,30
2013,8,3,37,30
2013,8,4,38,29
2013,8,5,38,30
2013,8,6,38,30
2013,8,7,38,30
2013,8,8,39,30
2013,8,9,38,30
2013,8,10,40,30
2013,8,11,38,31
2013,8,12,38,30
2013,8,13,40,30
2013,8,14,37,31
2013,8,15,35,29
2013,8,16,34,28
2013,8,17,35,28
2013,8,18,35,28
2013,8,19,34,29
2013,8,20,34,27
2013,8,21,35,26
2013,8,22,33,27
2013,8,23,29,26
2013,8,24,32,26
2013,8,25,33,26
2013,8,26,35,28
2013,8,27,35,27
2013,8,28,36,29
2013,8,29,34,27
2013,8,30,33,27
2013,8,31,30,24
2013,9,1,30,25
2013,9,2,31,25
2013,9,3,25,22
2013,9,4,22,19
2013,9,5,22,20
2013,9,6,20,18
2013,9,7,25,19
2013,9,8,31,22
2013,9,9,34,23
2013,9,10,31,24
2013,9,11,28,22
2013,9,12,28,21
2013,9,13,30,22
2013,9,14,34,24
2013,9,15,33,24
2013,9,16,34,25
2013,9,17,35,25
2013,9,18,34,25
2013,9,19,34,25
2013,9,20,33,25
2013,9,21,33,25
2013,9,22,31,25
2013,9,23,29,24
2013,9,24,27,24
2013,9,25,18,16
2013,9,26,17,15
2013,9,27,17,14
2013,9,28,26,16
2013,9,29,29,17
2013,9,30,30,17
2013,10,1,28,17
2013,10,2,28,21
2013,10,3,27,18
2013,10,4,27,17
2013,10,5,28,18
2013,10,6,27,17
2013,10,7,27,19
2013,10,8,24,20
2013,10,9,27,20
2013,10,10,31,19
2013,10,11,32,20
2013,10,12,33,20
2013,10,13,33,20
2013,10,14,33,20
2013,10,15,25,12
2013,10,16,20,13
2013,10,17,20,14
2013,10,18,17,14
2013,10,19,23,15
2013,10,20,24,15
2013,10,21,24,16
2013,10,22,23,16
2013,10,23,26,15
2013,10,24,25,15
2013,10,25,23,13
2013,10,26,22,11
2013,10,27,25,13
2013,10,28,26,13
2013,10,29,23,17
2013,10,30,22,16
2013,10,31,20,15
2013,11,1,22,15
2013,11,2,21,16
2013,11,3,21,15
2013,11,4,20,14
2013,11,5,22,13
2013,11,6,24,14
2013,11,7,26,13
2013,11,8,29,15
2013,11,9,30,20
2013,11,10,23,18
2013,11,11,14,12
2013,11,12,12,10
2013,11,13,11,9
2013,11,14,14,9
2013,11,15,20,9
2013,11,16,21,10
2013,11,17,21,9
2013,11,18,20,10
2013,11,19,20,9
2013,11,20,20,10
2013,11,21,21,11
2013,11,22,22,13
2013,11,23,19,12
2013,11,24,15,9
2013,11,25,19,6
2013,11,26,17,8
2013,11,27,12,8
2013,11,28,14,4
2013,11,29,15,5
2013,11,30,17,5
2013,12,1,18,6
2013,12,2,21,8
2013,12,3,20,9
2013,12,4,18,8
2013,12,5,18,7
2013,12,6,16,7
2013,12,7,19,7
2013,12,8,20,7
2013,12,9,14,9
2013,12,10,13,5
2013,12,11,11,7
2013,12,12,10,7
2013,12,13,11,7
2013,12,14,11,7
2013,12,15,8,5
2013,12,16,9,7
2013,12,17,9,6
2013,12,18,11,1
2013,12,19,11,2
2013,12,20,10,3
2013,12,21,10,2
2013,12,22,10,1
2013,12,23,11,1
2013,12,24,11,3
2013,12,25,11,2
2013,12,26,9,3
2013,12,27,7,1
2013,12,28,10,-1
2013,12,29,11,-1
2013,12,30,13,0
2013,12,31,17,3
2014,1,1,17,3
2014,1,2,17,4
2014,1,3,17,7
2014,1,4,16,8
2014,1,5,16,7
2014,1,6,16,7
2014,1,7,12,8
2014,1,8,9,4
2014,1,9,10,4
2014,1,10,8,4
2014,1,11,5,3
2014,1,12,6,3
2014,1,13,9,3
2014,1,14,12,1
2014,1,15,13,3
2014,1,16,12,4
2014,1,17,15,2
2014,1,18,16,2
2014,1,19,15,4
2014,1,20,14,5
2014,1,21,14,5
2014,1,22,15,2
2014,1,23,17,5
2014,1,24,19,7
2014,1,25,19,9
2014,1,26,13,8
2014,1,27,13,7
2014,1,28,17,6
2014,1,29,13,7
2014,1,30,21,6
2014,1,31,25,11
2014,2,1,26,14
2014,2,2,27,15
2014,2,3,27,15
2014,2,4,21,12
2014,2,5,6,4
2014,2,6,4,2
2014,2,7,2,0
2014,2,8,3,0
2014,2,9,3,-1
2014,2,10,1,-3
2014,2,11,1,-2
2014,2,12,1,-3
2014,2,13,2,-3
2014,2,14,6,-2
2014,2,15,7,3
2014,2,16,6,3
2014,2,17,6,4
2014,2,18,4,1
2014,2,19,7,-3
2014,2,20,12,-1
2014,2,21,15,3
2014,2,22,14,8
2014,2,23,15,8
2014,2,24,12,10
2014,2,25,10,9
2014,2,26,15,8
2014,2,27,14,8
2014,2,28,11,9
2014,3,1,9,6
2014,3,2,8,5
2014,3,3,8,5
2014,3,4,12,6
2014,3,5,16,6
2014,3,6,12,7
2014,3,7,9,6
2014,3,8,11,6
2014,3,9,15,5
2014,3,10,17,6
2014,3,11,17,7
2014,3,12,13,9
2014,3,13,14,8
2014,3,14,16,6
2014,3,15,14,6
2014,3,16,19,8
2014,3,17,26,12
2014,3,18,28,17
2014,3,19,24,15
2014,3,20,14,11
2014,3,21,16,8
2014,3,22,19,6
2014,3,23,18,10
2014,3,24,17,13
2014,3,25,21,14
2014,3,26,25,16
2014,3,27,24,17
2014,3,28,23,16
2014,3,29,27,17
2014,3,30,22,16
2014,3,31,21,15
2014,4,1,23,13
2014,4,2,21,13
2014,4,3,25,15
2014,4,4,24,13
2014,4,5,25,15
2014,4,6,21,15
2014,4,7,21,13
2014,4,8,22,14
2014,4,9,27,15
2014,4,10,25,17
2014,4,11,30,21
2014,4,12,25,18
2014,4,13,20,13
2014,4,14,22,15
2014,4,15,27,17
2014,4,16,29,20
2014,4,17,27,17
2014,4,18,30,18
2014,4,19,22,18
2014,4,20,21,14
2014,4,21,18,15
2014,4,22,18,15
2014,4,23,20,15
2014,4,24,19,15
2014,4,25,19,16
2014,4,26,20,16
2014,4,27,21,15
2014,4,28,24,15
2014,4,29,24,15
2014,4,30,25,14
2014,5,1,28,14
2014,5,2,29,17
2014,5,3,27,17
2014,5,4,20,15
2014,5,5,21,14
2014,5,6,25,16
2014,5,7,27,16
2014,5,8,26,19
2014,5,9,26,20
2014,5,10,23,20
2014,5,11,26,18
2014,5,12,27,17
2014,5,13,27,20
2014,5,14,24,21
2014,5,15,25,18
2014,5,16,24,19
2014,5,17,23,19
2014,5,18,25,18
2014,5,19,26,19
2014,5,20,29,18
2014,5,21,25,20
2014,5,22,24,20
2014,5,23,28,21
2014,5,24,31,23
2014,5,25,27,23
2014,5,26,28,22
2014,5,27,30,21
2014,5,28,32,22
2014,5,29,30,24
2014,5,30,27,23
2014,5,31,30,24
2014,6,1,28,22
2014,6,2,31,24
2014,6,3,32,23
2014,6,4,32,23
2014,6,5,28,23
2014,6,6,26,22
2014,6,7,32,23
2014,6,8,32,24
2014,6,9,31,25
2014,6,10,23,33
2014,6,11,25,34
2014,6,12,25,35
2014,6,13,25,34
2014,6,14,24,33
2014,6,15,22,30
2014,6,16,26,22
2014,6,17,28,23
2014,6,18,28,23
2014,6,19,27,24
2014,6,20,24,28
2014,6,21,23,28
2014,6,22,23,28
2014,6,23,23,28
2014,6,24,23,30
2014,6,25,24,29
2014,6,26,23,27
2014,6,27,24,29
2014,6,28,29,24
2014,6,29,30,24
2014,6,30,31,24
2014,7,1,29,25
2014,7,2,31,25
2014,7,3,30,25
2014,7,4,29,25
2014,7,5,32,24
2014,7,6,33,24
2014,7,7,34,25
2014,7,8,35,26
2014,7,9,35,26
2014,7,10,36,27
2014,7,11,36,27
2014,7,12,35,27
2014,7,13,27,25
2014,7,14,26,23
2014,7,15,28,23
2014,7,16,30,23
2014,7,17,32,25
2014,7,18,35,25
2014,7,19,35,26
2014,7,20,36,26
2014,7,21,36,27
2014,7,22,38,28
2014,7,23,38,29
2014,7,24,35,29
2014,7,25,32,26
2014,7,26,32,26
2014,7,27,31,25
2014,7,28,34,26
2014,7,29,37,27
2014,7,30,38,28
2014,7,31,37,29
2014,8,1,35,28
2014,8,2,33,26
2014,8,3,35,27
2014,8,4,36,28
2014,8,5,37,28
2014,8,6,36,29
2014,8,7,34,28
2014,8,8,34,27
2014,8,9,32,24
2014,8,10,29,25
2014,8,11,29,25
2014,8,12,25,21
2014,8,13,25,21
2014,8,14,28,21
2014,8,15,28,24
2014,8,16,26,23
2014,8,17,27,23
2014,8,18,26,22
2014,8,19,27,22
2014,8,20,31,22
2014,8,21,32,22
2014,8,22,33,23
2014,8,23,33,23
2014,8,24,30,25
2014,8,25,30,24
2014,8,26,30,23
2014,8,27,30,23
2014,8,28,32,23
2014,8,29,34,24
2014,8,30,34,24
2014,8,31,35,24
2014,9,1,34,25
2014,9,2,30,23
2014,9,3,29,22
2014,9,4,30,22
2014,9,5,29,21
2014,9,6,33,22
2014,9,7,35,23
2014,9,8,35,24
2014,9,9,35,25
2014,9,10,31,25
2014,9,11,34,24
2014,9,12,35,25
2014,9,13,28,22
2014,9,14,28,19
2014,9,15,28,20
2014,9,16,25,20
2014,9,17,23,20
2014,9,18,22,19
2014,9,19,19,16
2014,9,20,25,17
2014,9,21,29,18
2014,9,22,27,19
2014,9,23,26,19
2014,9,24,26,19
2014,9,25,28,20
2014,9,26,32,21
2014,9,27,34,22
2014,9,28,34,23
2014,9,29,29,21
2014,9,30,23,19
2014,10,1,26,20
2014,10,2,29,21
2014,10,3,30,20
2014,10,4,27,20
2014,10,5,26,19
2014,10,6,28,17
2014,10,7,27,17
2014,10,8,29,16
2014,10,9,28,16
2014,10,10,28,16
2014,10,11,26,17
2014,10,12,25,18
2014,10,13,23,16
2014,10,14,23,14
2014,10,15,26,15
2014,10,16,27,16
2014,10,17,28,17
2014,10,18,28,17
2014,10,19,30,18
2014,10,20,31,19
2014,10,21,26,17
2014,10,22,25,15
2014,10,23,26,14
2014,10,24,28,15
2014,10,25,29,16
2014,10,26,30,17
2014,10,27,28,19
2014,10,28,24,19
2014,10,29,20,16
2014,10,30,16,13
2014,10,31,15,13
2014,11,1,15,12
2014,11,2,16,13
2014,11,3,19,10
2014,11,4,19,12
2014,11,5,17,12
2014,11,6,20,12
2014,11,7,15,12
2014,11,8,15,12
2014,11,9,15,12
2014,11,10,15,12
2014,11,11,16,12
2014,11,12,16,12
2014,11,13,19,13
2014,11,14,20,11
2014,11,15,15,11
2014,11,16,15,11
2014,11,17,16,11
2014,11,18,18,11
2014,11,19,18,10
2014,11,20,20,9
2014,11,21,20,11
2014,11,22,20,12
2014,11,23,18,14
2014,11,24,13,10
2014,11,25,13,10
2014,11,26,17,10
2014,11,27,14,10
2014,11,28,14,11
2014,11,29,14,11
2014,11,30,11,8
2014,12,1,10,6
2014,12,2,12,6
2014,12,3,8,5
2014,12,4,11,4
2014,12,5,12,5
2014,12,6,14,6
2014,12,7,12,7
2014,12,8,14,7
2014,12,9,12,5
2014,12,10,8,5
2014,12,11,7,4
2014,12,12,11,3
2014,12,13,13,2
2014,12,14,13,1
2014,12,15,10,5
2014,12,16,9,4
2014,12,17,13,-1
2014,12,18,10,1
2014,12,19,13,5
2014,12,20,15,2
2014,12,21,10,3
2014,12,22,12,-1
2014,12,23,13,0
2014,12,24,16,3
2014,12,25,12,4
2014,12,26,10,5
2014,12,27,7,5
2014,12,28,15,4
2014,12,29,17,2
2014,12,30,18,3
2014,12,31,14,5
2015,1,1,11,2
2015,1,2,12,4
2015,1,3,15,4
2015,1,4,19,6
2015,1,5,19,11
2015,1,6,10,5
2015,1,7,11,4
2015,1,8,11,2
2015,1,9,10,6
2015,1,10,11,6
2015,1,11,15,5
2015,1,12,11,7
2015,1,13,11,7
2015,1,14,14,3
2015,1,15,15,3
2015,1,16,15,4
2015,1,17,13,5
2015,1,18,11,6
2015,1,19,15,3
2015,1,20,12,6
2015,1,21,16,5
2015,1,22,17,3
2015,1,23,18,5
2015,1,24,16,10
2015,1,25,13,10
2015,1,26,10,6
2015,1,27,8,6
2015,1,28,5,3
2015,1,29,2,0
2015,1,30,1,-1
2015,1,31,3,0
2015,2,1,3,1
2015,2,2,5,1
2015,2,3,5,1
2015,2,4,7,2
2015,2,5,10,2
2015,2,6,13,1
2015,2,7,12,4
2015,2,8,9,4
2015,2,9,13,3
2015,2,10,13,3
2015,2,11,16,6
2015,2,12,20,4
2015,2,13,21,8
2015,2,14,21,10
2015,2,15,18,11
2015,2,16,21,11
2015,2,17,20,12
2015,2,18,18,12
2015,2,19,15,11
2015,2,20,9,6
2015,2,21,11,6
2015,2,22,13,8
2015,2,23,10,7
2015,2,24,13,8
2015,2,25,10,8
2015,2,26,10,8
2015,2,27,10,8
2015,2,28,8,4
2015,3,1,11,2
2015,3,2,13,4
2015,3,3,9,7
2015,3,4,8,6
2015,3,5,8,4
2015,3,6,6,3
2015,3,7,9,5
2015,3,8,11,8
2015,3,9,16,5
2015,3,10,12,8
2015,3,11,8,5
2015,3,12,18,5
2015,3,13,18,7
2015,3,14,14,10
2015,3,15,15,12
2015,3,16,19,12
2015,3,17,23,13
2015,3,18,20,15
2015,3,19,15,11
2015,3,20,13,10
2015,3,21,18,10
2015,3,22,19,12
2015,3,23,16,13
2015,3,24,19,11
2015,3,25,20,10
2015,3,26,18,13
2015,3,27,19,12
2015,3,28,18,12
2015,3,29,19,13
2015,3,30,22,15
2015,3,31,29,18
2015,4,1,31,22
2015,4,2,28,19
2015,4,3,23,15
2015,4,4,20,14
2015,4,5,15,12
2015,4,6,14,11
2015,4,7,11,7
2015,4,8,10,6
2015,4,9,11,8
2015,4,10,13,8
2015,4,11,17,9
2015,4,12,23,11
2015,4,13,20,8
2015,4,14,23,9
2015,4,15,21,13
2015,4,16,29,16
2015,4,17,28,19
2015,4,18,25,19
2015,4,19,22,16
2015,4,20,18,13
2015,4,21,21,10
2015,4,22,24,11
2015,4,23,21,15
2015,4,24,21,17
2015,4,25,24,16
2015,4,26,26,18
2015,4,27,24,17
2015,4,28,29,18
2015,4,29,31,20
2015,4,30,30,20
2015,5,1,27,21
2015,5,2,26,19
2015,5,3,27,19
2015,5,4,23,19
2015,5,5,25,17
2015,5,6,25,19
2015,5,7,30,18
2015,5,8,30,21
2015,5,9,23,17
2015,5,10,28,17
2015,5,11,28,18
2015,5,12,26,18
2015,5,13,23,20
2015,5,14,24,21
2015,5,15,25,21
2015,5,16,24,20
2015,5,17,29,22
2015,5,18,25,21
2015,5,19,28,21
2015,5,20,28,21
2015,5,21,26,19
2015,5,22,27,21
2015,5,23,21,18
2015,5,24,27,20
2015,5,25,27,22
2015,5,26,30,23
2015,5,27,28,24
2015,5,28,28,23
2015,5,29,28,22
2015,5,30,28,21
2015,5,31,29,24
2015,6,1,31,25
2015,6,2,29,24
2015,6,3,26,22
2015,6,4,25,21
2015,6,5,28,22
2015,6,6,31,23
2015,6,7,30,22
2015,6,8,25,21
2015,6,9,24,22
2015,6,10,30,23
2015,6,11,30,21
2015,6,12,31,24
2015,6,13,29,23
2015,6,14,27,23
2015,6,15,29,25
2015,6,16,32,27
2015,6,17,32,24
2015,6,18,26,22
2015,6,19,26,22
2015,6,20,28,24
2015,6,21,26,23
2015,6,22,31,24
2015,6,23,33,26
2015,6,24,34,27
2015,6,25,34,29
2015,6,26,35,30
2015,6,27,36,29
2015,6,28,37,29
2015,6,29,37,28
2015,6,30,36,28
2015,7,1,30,25
2015,7,2,27,24
2015,7,3,31,25
2015,7,4,30,23
2015,7,5,25,21
2015,7,6,26,21
2015,7,7,26,21
2015,7,8,26,22
2015,7,9,26,22
2015,7,10,27,23
2015,7,11,30,24
2015,7,12,32,26
2015,7,13,36,27
2015,7,14,36,28
2015,7,15,33,24
2015,7,16,29,23
2015,7,17,27,23
2015,7,18,31,25
2015,7,19,30,25
2015,7,20,31,25
2015,7,21,33,27
2015,7,22,32,26
2015,7,23,31,26
2015,7,24,28,24
2015,7,25,31,25
2015,7,26,32,26
2015,7,27,33,26
2015,7,28,35,26
2015,7,29,35,26
2015,7,30,35,26
2015,7,31,35,27
2015,8,1,35,27
2015,8,2,36,26
2015,8,3,36,27
2015,8,4,36,28
2015,8,5,36,28
2015,8,6,35,28
2015,8,7,35,28
2015,8,8,35,26
2015,8,9,30,24
2015,8,10,29,25
2015,8,11,31,24
2015,8,12,33,26
2015,8,13,31,26
2015,8,14,31,26
2015,8,15,32,27
2015,8,16,32,26
2015,8,17,32,26
2015,8,18,30,25
2015,8,19,30,22
2015,8,20,28,24
2015,8,21,32,24
2015,8,22,33,24
2015,8,23,33,24
2015,8,24,32,24
2015,8,25,30,23
2015,8,26,31,24
2015,8,27,31,24
2015,8,28,27,24
2015,8,29,31,24
2015,8,30,32,24
2015,8,31,33,24
2015,9,1,34,25
2015,9,2,33,25
2015,9,3,30,25
2015,9,4,33,27
2015,9,5,31,23
2015,9,6,28,23
2015,9,7,32,23
2015,9,8,31,23
2015,9,9,32,23
2015,9,10,32,22
2015,9,11,31,21
2015,9,12,25,20
2015,9,13,27,20
2015,9,14,28,20
2015,9,15,29,21
2015,9,16,30,21
2015,9,17,31,22
2015,9,18,27,21
2015,9,19,25,20
2015,9,20,25,21
2015,9,21,28,23
2015,9,22,30,23
2015,9,23,29,24
2015,9,24,31,21
2015,9,25,24,21
2015,9,26,26,22
2015,9,27,29,21
2015,9,28,30,20
2015,9,29,28,21
2015,9,30,25,19
2015,10,1,25,16
2015,10,2,27,18
2015,10,3,29,20
2015,10,4,24,20
2015,10,5,21,19
2015,10,6,21,18
2015,10,7,22,19
2015,10,8,26,18
2015,10,9,23,17
2015,10,10,23,16
2015,10,11,25,15
2015,10,12,27,14
2015,10,13,25,15
2015,10,14,26,17
2015,10,15,28,16
2015,10,16,29,17
2015,10,17,29,18
2015,10,18,28,19
2015,10,19,27,17
2015,10,20,27,17
2015,10,21,27,18
2015,10,22,27,18
2015,10,23,27,18
2015,10,24,28,18
2015,10,25,29,20
2015,10,26,28,16
2015,10,27,21,16
2015,10,28,24,16
2015,10,29,18,13
2015,10,30,14,11
2015,10,31,13,11
2015,11,1,17,10
2015,11,2,20,14
2015,11,3,19,14
2015,11,4,21,16
2015,11,5,25,19
2015,11,6,28,17
2015,11,7,15,10
2015,11,8,12,9
2015,11,9,18,12
2015,11,10,18,13
2015,11,11,14,12
2015,11,12,11,9
2015,11,13,14,12
2015,11,14,18,13
2015,11,15,19,15
2015,11,16,16,13
2015,11,17,14,12
2015,11,18,14,12
2015,11,19,14,13
2015,11,20,14,12
2015,11,21,18,14
2015,11,22,18,12
2015,11,23,16,8
2015,11,24,8,3
2015,11,25,8,3
2015,11,26,12,4
2015,11,27,11,8
2015,11,28,10,7
2015,11,29,13,7
2015,11,30,15,8
2015,12,1,13,8
2015,12,2,11,5
2015,12,3,15,9
2015,12,4,10,6
2015,12,5,7,6
2015,12,6,10,4
2015,12,7,13,4
2015,12,8,11,8
2015,12,9,11,8
2015,12,10,13,7
2015,12,11,12,9
2015,12,12,11,9
2015,12,13,9,7
2015,12,14,8,6
2015,12,15,10,4
2015,12,16,7,0
2015,12,17,10,2
2015,12,18,8,4
2015,12,19,7,5
2015,12,20,8,3
2015,12,21,12,7
2015,12,22,9,7
2015,12,23,8,5
2015,12,24,7,5
2015,12,25,12,5
2015,12,26,10,6
2015,12,27,13,5
2015,12,28,11,6
2015,12,29,7,4
2015,12,30,12,4
2015,12,31,14,6
2016,1,1,12,8
2016,1,2,16,11
2016,1,3,18,14
2016,1,4,14,10
2016,1,5,9,8
2016,1,6,10,7
2016,1,7,9,3
2016,1,8,11,6
2016,1,9,7,6
2016,1,10,8,5
2016,1,11,8,5
2016,1,12,7,4
2016,1,13,6,3
2016,1,14,5,3
2016,1,15,9,5
2016,1,16,8,5
2016,1,17,9,2
2016,1,18,13,4
2016,1,19,10,3
2016,1,20,7,2
2016,1,21,2,1
2016,1,22,1,-1
2016,1,23,2,-3
2016,1,24,2,-5
2016,1,25,5,0
2016,1,26,6,3
2016,1,27,7,5
2016,1,28,8,6
2016,1,29,8,4
2016,1,30,9,3
2016,1,31,6,1
2016,2,1,2,0
2016,2,2,5,0
2016,2,3,9,4
2016,2,4,8,1
2016,2,5,12,2
2016,2,6,9,0
2016,2,7,14,3
2016,2,8,19,6
2016,2,9,21,8
2016,2,10,23,14
2016,2,11,22,15
2016,2,12,24,10
2016,2,13,13,3
2016,2,14,3,2
2016,2,15,9,3
2016,2,16,12,4
2016,2,17,14,6
2016,2,18,16,9
2016,2,19,15,6
2016,2,20,15,7
2016,2,21,11,6
2016,2,22,8,6
2016,2,23,10,7
2016,2,24,14,7
2016,2,25,13,7
2016,2,26,14,6
2016,2,27,19,7
2016,2,28,22,8
2016,2,29,19,7
2016,3,1,21,10
2016,3,2,22,14
2016,3,3,23,13
2016,3,4,24,12
2016,3,5,19,13
2016,3,6,22,15
2016,3,7,24,14
2016,3,8,16,5
2016,3,9,6,3
2016,3,10,8,3
2016,3,11,12,5
2016,3,12,15,9
2016,3,13,13,8
2016,3,14,16,10
2016,3,15,15,10
2016,3,16,16,13
2016,3,17,14,12
2016,3,18,20,11
2016,3,19,25,15
2016,3,20,19,14
2016,3,21,16,13
2016,3,22,15,12
2016,3,23,15,11
2016,3,24,16,7
2016,3,25,17,6
2016,3,26,16,6
2016,3,27,19,6
2016,3,28,21,14
2016,3,29,19,13
2016,3,30,15,11
2016,3,31,23,15
2016,4,1,28,20
2016,4,2,27,16
2016,4,3,20,13
2016,4,4,17,14
2016,4,5,24,16
2016,4,6,21,15
2016,4,7,19,15
2016,4,8,19,15
2016,4,9,20,17
2016,4,10,22,16
2016,4,11,25,17
2016,4,12,23,17
2016,4,13,27,17
2016,4,14,23,19
2016,4,15,25,19
2016,4,16,21,14
2016,4,17,15,10
2016,4,18,23,12
2016,4,19,28,16
2016,4,20,24,17
2016,4,21,25,17
2016,4,22,23,18
2016,4,23,23,17
2016,4,24,21,17
2016,4,25,21,18
2016,4,26,21,18
2016,4,27,25,17
2016,4,28,27,18
2016,4,29,27,18
2016,4,30,23,19
2016,5,1,25,20
2016,5,2,26,18
2016,5,3,29,18
2016,5,4,29,20
2016,5,5,27,21
2016,5,6,28,22
2016,5,7,26,17
2016,5,8,19,16
2016,5,9,23,15
2016,5,10,26,16
2016,5,11,28,17
2016,5,12,30,20
2016,5,13,30,21
2016,5,14,31,22
2016,5,15,21,14
2016,5,16,25,13
2016,5,17,25,15
2016,5,18,24,18
2016,5,19,22,20
2016,5,20,21,19
2016,5,21,23,18
2016,5,22,23,18
2016,5,23,22,17
2016,5,24,26,19
2016,5,25,23,20
2016,5,26,20,18
2016,5,27,21,18
2016,5,28,21,18
2016,5,29,25,18
2016,5,30,29,21
2016,5,31,33,26
2016,6,1,32,22
2016,6,2,31,22
2016,6,3,21,18
2016,6,4,20,17
2016,6,5,32,22
2016,6,6,32,22
2016,6,7,33,26
2016,6,8,32,25
2016,6,9,32,24
2016,6,10,32,25
2016,6,11,30,24
2016,6,12,28,22
2016,6,13,32,25
2016,6,14,32,22
2016,6,15,26,19
2016,6,16,28,18
2016,6,17,32,22
2016,6,18,31,26
2016,6,19,33,27
2016,6,20,35,28
2016,6,21,35,27
2016,6,23,37,29
2016,6,24,35,24
2016,6,25,24,20
2016,6,26,28,21
2016,6,27,29,23
2016,6,28,30,23
2016,6,29,27,23
2016,6,30,33,26
2016,7,1,30,25
2016,7,2,28,25
2016,7,3,27,25
2016,7,4,27,25
2016,7,5,31,25
2016,7,6,33,24
2016,7,7,34,25
2016,7,8,36,27
2016,7,9,36,27
2016,7,10,34,27
2016,7,11,33,28
2016,7,12,35,28
2016,7,13,35,28
2016,7,14,34,27
2016,7,15,34,25
2016,7,16,30,26
2016,7,17,30,25
2016,7,18,32,25
2016,7,19,34,28
2016,7,20,34,28
2016,7,21,35,28
2016,7,22,36,29
2016,7,23,37,29
2016,7,24,37,29
2016,7,25,39,29
2016,7,26,39,30
2016,7,27,38,29
2016,7,28,37,29
2016,7,29,38,30
2016,7,30,38,29
2016,7,31,38,29
2016,8,1,37,29
2016,8,2,36,29
2016,8,3,35,29
2016,8,4,34,27
2016,8,5,34,27
2016,8,6,31,26
2016,8,7,31,27
2016,8,8,32,27
2016,8,9,32,27
2016,8,10,33,27
2016,8,11,34,27
2016,8,12,35,29
2016,8,13,36,28
2016,8,14,36,28
2016,8,15,35,28
2016,8,16,36,28
2016,8,17,36,28
2016,8,18,37,29
2016,8,19,36,29
2016,8,20,35,28
2016,8,21,36,28
2016,8,22,33,28
2016,8,23,34,28
2016,8,24,35,29
2016,8,25,36,27
2016,8,26,26,21
2016,8,27,23,20
2016,8,28,29,19
2016,8,29,30,20
2016,8,30,31,23
2016,8,31,26,23
2016,9,1,29,21
2016,9,2,33,22
2016,9,3,34,24
2016,9,4,30,25
2016,9,5,30,25
2016,9,6,30,24
2016,9,7,31,24
2016,9,8,32,24
2016,9,9,27,22
2016,9,10,24,20
2016,9,11,30,21
2016,9,12,31,23
2016,9,13,32,24
2016,9,14,31,24
2016,9,15,29,24
2016,9,16,28,23
2016,9,17,30,22
2016,9,18,30,21
2016,9,19,30,22
2016,9,20,25,21
2016,9,21,27,20
2016,9,22,29,20
2016,9,23,31,22
2016,9,24,32,24
2016,9,25,33,25
2016,9,26,35,26
2016,9,27,27,22
2016,9,28,25,16
2016,9,29,17,15
2016,9,30,18,16
2016,10,1,19,17
2016,10,2,24,18
2016,10,3,29,19
2016,10,4,30,20
2016,10,5,29,21
2016,10,6,27,21
2016,10,7,28,21
2016,10,8,25,18
2016,10,9,24,16
2016,10,10,24,17
2016,10,11,23,17
2016,10,12,21,17
2016,10,13,20,17
2016,10,14,20,17
2016,10,15,23,18
2016,10,16,24,18
2016,10,17,26,19
2016,10,18,25,20
2016,10,19,23,20
2016,10,20,23,19
2016,10,21,25,19
2016,10,22,20,18
2016,10,23,19,15
2016,10,24,17,14
2016,10,25,16,14
2016,10,26,17,14
2016,10,27,18,14
2016,10,28,16,11
2016,10,29,12,10
2016,10,30,15,11
2016,10,31,14,11
2016,11,1,14,12
2016,11,2,19,10
2016,11,3,19,9
2016,11,4,21,11
2016,11,5,23,15
2016,11,6,23,17
2016,11,7,16,12
2016,11,8,11,8
2016,11,9,8,5
2016,11,10,14,7
2016,11,11,17,7
2016,11,12,21,14
2016,11,13,18,15
2016,11,14,19,16
2016,11,15,18,16
2016,11,16,18,16
2016,11,17,18,16
2016,11,18,20,15
2016,11,19,21,16
2016,11,20,17,15
2016,11,21,18,10
2016,11,22,8,2
2016,11,23,3,0
2016,11,24,6,1
2016,11,25,5,2
2016,11,26,10,3
2016,11,27,14,4
2016,11,28,15,5
2016,11,29,11,6
2016,11,30,11,4
2016,12,1,15,5
2016,12,2,14,8
2016,12,3,13,8
2016,12,4,17,7
2016,12,5,19,6
2016,12,6,15,5
2016,12,7,16,6
2016,12,8,19,7
2016,12,9,20,9
2016,12,10,14,9
2016,12,11,14,8
2016,12,12,12,9
2016,12,13,11,8
2016,12,14,10,4
2016,12,15,11,3
2016,12,16,13,4
2016,12,17,13,5
2016,12,18,17,10
2016,12,19,13,11
2016,12,20,11,9
2016,12,21,10,5
2016,12,22,15,4
2016,12,23,15,8
2016,12,24,10,8
2016,12,25,9,6
2016,12,26,6,4
2016,12,27,11,2
2016,12,28,10,2
2016,12,29,11,3
2016,12,30,12,4
2016,12,31,14,5
2017,1,1,16,9
2017,1,2,16,11
2017,1,3,14,11
2017,1,4,17,11
2017,1,5,12,9
2017,1,6,9,6
2017,1,7,7,5
2017,1,8,10,6
2017,1,9,12,8
2017,1,10,9,6
2017,1,11,6,4
2017,1,12,7,3
2017,1,13,10,3
2017,1,14,10,7
2017,1,15,9,2
2017,1,16,11,3
2017,1,17,7,5
2017,1,18,7,5
2017,1,19,7,4
2017,1,20,10,0
2017,1,21,11,2
2017,1,22,14,2
2017,1,23,16,4
2017,1,24,10,6
2017,1,25,13,4
2017,1,26,16,7
2017,1,27,14,7
2017,1,28,19,8
2017,1,29,12,5
2017,1,30,7,5
2017,1,31,9,5
2017,2,1,4,2
2017,2,2,5,2
2017,2,3,6,3
2017,2,4,11,3
2017,2,5,11,4
2017,2,6,10,7
2017,2,7,10,3
2017,2,8,3,0
2017,2,9,10,2
2017,2,10,11,4
2017,2,11,12,2
2017,2,12,14,2
2017,2,13,17,3
2017,2,14,18,7
2017,2,15,20,11
2017,2,16,24,14
2017,2,17,18,11
2017,2,18,16,9
2017,2,19,23,11
2017,2,20,23,9
2017,2,21,7,3
2017,2,22,3,1
2017,2,23,9,4
2017,2,24,10,4
2017,2,25,13,4
2017,2,26,17,6
2017,2,27,18,8
2017,2,28,19,8
2017,3,1,19,5
2017,3,2,16,9
2017,3,3,15,11
2017,3,6,13,9
2017,3,7,15,10
2017,3,8,18,9
2017,3,9,16,10
2017,3,10,14,10
2017,3,11,16,12
2017,3,12,14,11
2017,3,13,11,6
2017,3,14,14,7
2017,3,15,10,7
2017,3,16,12,7
2017,3,17,11,9
2017,3,18,11,9
2017,3,19,13,10
2017,3,20,15,10
2017,3,21,13,10
2017,3,22,11,9
2017,3,23,15,11
2017,3,24,11,8
2017,3,25,14,9
2017,3,26,21,8
2017,3,27,23,12
2017,3,28,19,14
2017,3,29,19,15
2017,3,30,18,12
2017,3,31,17,8
2017,4,1,21,9
2017,4,2,25,14
2017,4,3,24,19
2017,4,4,25,19
2017,4,5,25,18
2017,4,6,20,16
2017,4,7,26,19
2017,4,8,28,18
2017,4,9,18,11
2017,4,10,11,9
2017,4,11,15,9
2017,4,12,20,11
2017,4,13,24,12
2017,4,14,28,17
2017,4,15,29,21
2017,4,16,27,16
2017,4,17,22,14
2017,4,18,26,17
2017,4,19,26,20
2017,4,20,23,14
2017,4,21,16,10
2017,4,22,24,13
2017,4,23,25,16
2017,4,24,29,17
2017,4,25,22,17
2017,4,26,18,15
2017,4,27,21,13
2017,4,28,26,12
2017,4,29,28,14
2017,4,30,30,20
2017,5,1,28,20
2017,5,2,27,21
2017,5,3,29,17
2017,5,4,26,16
2017,5,5,27,18
2017,5,6,25,17
2017,5,7,24,18
2017,5,8,23,16
2017,5,9,29,17
2017,5,10,32,22
2017,5,11,31,18
2017,5,12,29,17
2017,5,13,32,21
2017,5,14,33,21
2017,5,15,25,19
2017,5,16,28,16
2017,5,17,30,18
2017,5,18,33,21
2017,5,19,29,24
2017,5,20,29,23
2017,5,21,28,23
2017,5,22,29,22
2017,5,23,25,21
2017,5,24,25,18
2017,5,25,28,18
2017,5,26,31,19
2017,5,27,32,20
2017,5,28,34,23
2017,5,29,35,23
2017,5,30,34,25
2017,5,31,28,23
2017,6,1,25,21
2017,6,2,31,22
2017,6,3,32,25
2017,6,4,30,23
2017,6,5,23,19
2017,6,6,23,18
2017,6,7,29,21
2017,6,8,33,25
2017,6,9,33,26
2017,6,10,33,25
2017,6,11,27,22
2017,6,12,28,24
2017,6,13,28,23
2017,6,14,24,20
2017,6,15,25,20
2017,6,16,26,20
2017,6,17,29,21
2017,6,18,30,24
2017,6,19,31,24
2017,6,20,31,26
2017,6,21,30,24
2017,6,22,29,25
2017,6,23,27,25
2017,6,24,26,23
2017,6,25,25,23
2017,6,26,26,22
2017,6,27,25,22
2017,6,28,26,22
2017,6,29,26,23
2017,6,30,26,23
2017,7,1,26,23
2017,7,2,28,23
2017,7,3,31,25
2017,7,4,33,26
2017,7,5,34,27
2017,7,6,36,28
2017,7,7,36,28
2017,7,8,34,27
2017,7,9,33,26
2017,7,10,28,25
2017,7,11,30,26
2017,7,12,35,27
2017,7,13,35,29
2017,7,14,36,28
2017,7,15,36,29
2017,7,16,37,29
2017,7,17,37,29
2017,7,18,36,28
2017,7,19,35,28
2017,7,20,36,28
2017,7,21,36,29
2017,7,22,37,29
2017,7,23,39,30
2017,7,24,38,29
2017,7,25,39,30
2017,7,26,40,30
2017,7,27,40,30
2017,7,28,40,30
2017,7,29,37,29
2017,7,30,35,29
2017,7,31,33,28
2017,8,1,30,26
2017,8,2,33,27
2017,8,3,35,28
2017,8,4,37,29
2017,8,5,37,31
2017,8,6,38,31
2017,8,7,39,31
2017,8,8,38,27
2017,8,9,28,26
2017,8,10,35,28
2017,8,11,32,26
2017,8,12,31,26
2017,8,13,31,25
2017,8,14,29,25
2017,8,15,31,26
2017,8,16,33,25
2017,8,17,34,26
2017,8,18,36,28
2017,8,19,36,28
2017,8,20,36,28
2017,8,21,37,30
2017,8,22,36,29
2017,8,23,36,29
2017,8,24,36,29
2017,8,25,35,27
2017,8,26,34,28
2017,8,27,35,28
2017,8,28,36,29
2017,8,29,36,27
2017,8,30,28,23
2017,8,31,26,22
2017,9,1,28,23
2017,9,2,30,23
2017,9,3,28,22
2017,9,4,27,22
2017,9,5,26,22
2017,9,6,26,23
2017,9,7,30,23
2017,9,8,33,25
2017,9,9,33,26
2017,9,10,33,21
2017,9,11,26,22
2017,9,12,27,23
2017,9,13,27,23
2017,9,14,29,21
2017,9,15,31,21
2017,9,16,32,22
2017,9,17,32,22
2017,9,18,33,23
2017,9,19,29,24
2017,9,20,25,22
2017,9,21,26,22
2017,9,22,28,24
2017,9,23,32,24
2017,9,24,33,26
2017,9,25,35,28
2017,9,26,36,23
2017,9,27,28,21
2017,9,28,23,20
2017,9,29,27,21
2017,9,30,33,23
2017,10,1,35,24
2017,10,2,25,21
2017,10,3,23,17
2017,10,4,17,14
2017,10,5,17,15
2017,10,6,19,16
2017,10,7,27,20
2017,10,8,30,22
2017,10,9,27,22
2017,10,10,28,13
2017,10,11,17,14
2017,10,12,15,13
2017,10,13,18,14
2017,10,14,19,15
2017,10,15,17,14
2017,10,16,16,14
2017,10,17,17,15
2017,10,18,17,15
2017,10,19,18,15
2017,10,20,21,15
2017,10,21,22,13
2017,10,22,21,15
2017,10,23,20,14
2017,10,24,23,15
2017,10,25,21,16
2017,10,26,23,15
2017,10,30,19,9
2017,10,31,22,10
2017,11,1,23,11
2017,11,2,25,13
2017,11,3,25,14
2017,11,4,21,8
2017,11,5,20,11
2017,11,6,21,14
2017,11,7,20,15
2017,11,8,24,13
2017,11,9,25,13
2017,11,10,21,16
2017,11,11,16,10
2017,11,12,15,11
2017,11,13,13,10
2017,11,14,15,11
2017,11,15,17,13
2017,11,16,20,15
2017,11,17,16,13
2017,11,18,13,7
2017,11,19,10,6
2017,11,20,9,6
2017,11,21,10,7
2017,11,22,12,9
2017,11,23,15,7
2017,11,24,17,7
2017,11,25,13,9
2017,11,26,17,6
2017,11,27,19,8
2017,11,28,15,11
2017,11,29,14,10
2017,11,30,10,6
2017,12,1,9,5
2017,12,2,12,7
2017,12,3,14,8
2017,12,4,15,7
2017,12,5,15,6
2017,12,6,16,5
2017,12,7,13,7
2017,12,8,12,5
2017,12,9,14,2
2017,12,10,17,3
2017,12,11,15,4
2017,12,12,14,5
2017,12,13,10,5
2017,12,14,6,4
2017,12,15,6,2
2017,12,16,10,2
2017,12,17,8,0
2017,12,18,13,-1
2017,12,19,12,1
2017,12,20,16,2
2017,12,21,16,2
2017,12,22,15,3
2017,12,23,13,7
2017,12,24,17,4
2017,12,25,16,4
2017,12,26,15,3
2017,12,27,11,6
2017,12,28,12,8
2017,12,29,11,7
2017,12,30,11,4
2017,12,31,15,2
2018,1,1,11,6
2018,1,2,10,8
2018,1,3,8,3
2018,1,4,4,0
2018,1,5,2,-1
2018,1,6,2,0
2018,1,7,2,0
2018,1,8,7,-1
2018,1,9,10,-3
2018,1,10,13,0
2018,1,11,12,0
2018,1,12,10,-1
2018,1,13,10,1
2018,1,14,11,6
2018,1,15,14,5
2018,1,16,10,6
2018,1,17,11,4
2018,1,18,10,6
2018,1,19,9,6
2018,1,20,8,6
2018,1,21,7,4
2018,1,22,9,3
2018,1,23,10,6
2018,1,24,7,1
2018,1,25,3,-1
2018,1,26,0,-2
2018,1,27,0,-2
2018,1,28,-1,-3
2018,1,29,0,-5
2018,1,30,2,-4
2018,1,31,6,-3
2018,2,1,9,-3
2018,2,2,8,0
2018,2,3,6,-2
2018,2,4,5,-2
2018,2,5,9,-2
2018,2,6,10,-1
2018,2,7,12,0
2018,2,8,14,1
2018,2,9,12,7
2018,2,10,8,5
2018,2,11,11,3
2018,2,12,15,3
2018,2,13,17,2
2018,2,14,20,9
2018,2,15,15,9
2018,2,16,16,8
2018,2,17,20,7
2018,2,18,12,7
2018,2,19,7,6
2018,2,20,8,5
2018,2,21,7,3
2018,2,22,10,5
2018,2,23,15,3
2018,2,24,13,7
2018,2,25,13,6
2018,2,26,18,6
2018,2,27,18,11
2018,2,28,19,11
2018,3,1,24,10
2018,3,2,14,10
2018,3,3,27,11
2018,3,4,26,14
2018,3,5,14,9
2018,3,6,11,7
2018,3,7,8,4
2018,3,8,14,5
2018,3,9,17,4
2018,3,10,21,7
2018,3,11,17,9
2018,3,12,24,12
2018,3,13,20,14
2018,3,14,21,17
2018,3,15,28,17
2018,3,16,20,11
2018,3,17,16,11
2018,3,18,12,8
2018,3,19,10,5
2018,3,20,12,6
2018,3,21,15,5
2018,3,22,22,5
2018,3,23,25,8
2018,3,24,17,14
2018,3,25,18,14
2018,3,26,21,11
2018,3,27,26,12
2018,3,28,27,14
2018,3,29,21,17
2018,3,30,25,18
2018,3,31,27,18
2018,4,1,29,18
2018,4,2,30,20
2018,4,3,30,21
2018,4,4,22,16
2018,4,5,14,8
2018,4,6,18,8
2018,4,7,19,7
2018,4,8,23,10
2018,4,9,29,13
2018,4,10,31,18
2018,4,11,29,21
2018,4,12,23,21
2018,4,13,24,14
2018,4,14,15,11
2018,4,15,19,12
2018,4,16,22,14
2018,4,17,26,13
2018,4,18,29,14
2018,4,19,31,17
2018,4,20,26,22
2018,4,21,29,22
2018,4,22,27,21
2018,4,23,20,15
2018,4,24,19,15
2018,4,25,21,16
2018,4,26,19,15
2018,4,27,26,16
2018,4,28,28,18
2018,4,29,26,22
2018,4,30,30,22
2018,5,1,30,23
2018,5,2,28,21
2018,5,3,27,20
2018,5,4,24,20
2018,5,5,30,21
2018,5,6,28,23
2018,5,7,22,19
2018,5,8,25,18
2018,5,9,26,20
2018,5,10,25,21
2018,5,11,28,20
2018,5,12,25,21
2018,5,13,30,20
2018,5,14,32,24
2018,5,15,33,26
2018,5,16,34,26
2018,5,17,34,28
2018,5,18,30,23
2018,5,19,33,25
2018,5,20,32,24
2018,5,21,31,24
2018,5,22,24,17
2018,5,23,23,18
2018,5,24,32,20
2018,5,25,35,26
2018,5,26,30,22
2018,5,27,26,21
2018,5,28,31,21
2018,5,29,32,25
2018,5,30,28,19
2018,5,31,21,18
2018,6,1,22,18
2018,6,2,21,19
2018,6,3,27,21
2018,6,4,25,21
2018,6,5,24,20
2018,6,6,31,18
2018,6,7,27,24
2018,6,8,30,23
2018,6,9,29,23
2018,6,10,29,22
2018,6,11,32,22
2018,6,12,27,22
2018,6,13,26,22
2018,6,14,29,21
2018,6,15,33,23
2018,6,16,35,25
2018,6,17,35,25
2018,6,18,36,27
2018,6,19,33,26
2018,6,20,27,24
2018,6,21,29,24
2018,6,22,29,25
2018,6,23,32,25
2018,6,24,34,26
2018,6,25,34,27
2018,6,26,35,28
2018,6,27,35,28
2018,6,28,33,29
2018,6,29,34,29
2018,6,30,34,26
2018,7,1,29,25
2018,7,2,33,25
2018,7,3,35,27
2018,7,4,35,28
2018,7,5,34,26
2018,7,6,29,26
2018,7,7,29,26
2018,7,8,28,27
2018,7,9,35,25
2018,7,10,36,27
2018,7,11,36,29
2018,7,12,28,26
2018,7,13,35,26
2018,7,14,35,27
2018,7,15,35,28
2018,7,16,37,29
2018,7,17,37,30
2018,7,18,38,30
2018,7,19,36,30
2018,7,20,38,30
2018,7,21,38,30
2018,7,22,34,28
2018,7,23,32,27
2018,7,24,37,28
2018,7,25,35,29
2018,7,26,36,29
2018,7,27,37,30
2018,7,28,37,30
2018,7,29,37,30
2018,7,30,37,29
2018,7,31,37,29
2018,8,1,33,29
2018,8,2,35,28
2018,8,3,33,27
2018,8,4,32,26
2018,8,5,34,27
2018,8,6,35,28
2018,8,7,37,28
2018,8,8,37,28
2018,8,9,37,28
2018,8,10,37,29
2018,8,11,36,28
2018,8,12,37,28
2018,8,13,34,29
2018,8,14,34,28
2018,8,15,33,26
2018,8,16,33,26
2018,8,17,30,26
2018,8,18,29,24
2018,8,19,35,25
2018,8,20,36,27
2018,8,21,36,27
2018,8,22,34,26
2018,8,23,33,27
2018,8,24,32,27
2018,8,25,34,24
2018,8,26,27,24
2018,8,27,30,24
2018,8,28,31,26
2018,8,29,32,25
2018,8,30,32,26
2018,8,31,31,25
2018,9,1,32,26
2018,9,2,34,26
2018,9,3,35,26
2018,9,4,35,26
2018,9,5,35,28
2018,9,6,30,24
2018,9,7,27,22
2018,9,8,27,21
2018,9,9,30,19
2018,9,10,29,20
2018,9,11,31,21
2018,9,12,29,23
2018,9,13,29,22
2018,9,14,33,23
2018,9,15,34,25
2018,9,16,32,25
2018,9,17,29,24
2018,9,18,32,24
2018,9,19,34,25
2018,9,20,36,26
2018,9,21,29,23
2018,9,22,26,21
2018,9,23,24,20
2018,9,24,28,20
2018,9,25,26,21
2018,9,26,23,18
2018,9,27,20,17
2018,9,28,25,19
2018,9,29,27,18
2018,9,30,28,18
2018,10,1,27,19
2018,10,2,27,19
2018,10,3,29,18
2018,10,4,29,18
2018,10,5,28,18
2018,10,6,27,18
2018,10,7,28,18
2018,10,8,26,17
2018,10,9,19,17
2018,10,10,23,16
2018,10,11,24,13
2018,10,12,24,13
2018,10,13,20,14
2018,10,14,16,15
2018,10,15,18,14
2018,10,16,20,13
2018,10,17,22,14
2018,10,18,24,15
2018,10,19,22,14
2018,10,20,19,15
2018,10,21,16,14
2018,10,22,19,14
2018,10,23,22,14
2018,10,24,21,15
2018,10,25,22,18
2018,10,26,23,16
2018,10,27,23,12
2018,10,28,26,13
2018,10,29,27,14
2018,10,30,26,15
2018,10,31,27,14
2018,11,1,25,14
2018,11,2,23,14
2018,11,3,23,14
2018,11,4,25,15
2018,11,5,23,15
2018,11,6,16,9
2018,11,7,11,8
2018,11,8,16,8
2018,11,9,20,7
2018,11,10,17,12
2018,11,11,16,12
2018,11,12,15,12
2018,11,13,15,13
2018,11,14,15,13
2018,11,15,11,7
2018,11,16,14,11
2018,11,17,13,10
2018,11,18,10,7
2018,11,19,14,6
2018,11,20,13,10
2018,11,21,13,10
2018,11,22,16,8
2018,11,23,17,6
2018,11,24,19,7
2018,11,25,19,11
2018,11,26,20,9
2018,11,27,21,9
2018,11,28,21,9
2018,11,29,22,13
2018,11,30,21,11
2018,12,1,18,12
2018,12,2,17,12
2018,12,3,15,10
2018,12,4,12,7
2018,12,5,10,7
2018,12,6,7,4
2018,12,7,6,4
2018,12,8,4,1
2018,12,9,2,0
2018,12,10,4,0
2018,12,11,5,1
2018,12,12,6,1
2018,12,13,8,3
2018,12,14,10,2
2018,12,15,8,4
2018,12,16,13,4
2018,12,17,12,-1
2018,12,18,17,4
2018,12,19,16,6
2018,12,20,13,10
2018,12,21,12,10
2018,12,22,12,8
2018,12,23,8,2
2018,12,24,11,7
2018,12,25,5,2
2018,12,26,7,6
2018,12,27,6,4
2018,12,28,3,0
2018,12,29,1,-2
2018,12,30,0,-4
2018,12,31,2,-6
2019,1,1,1,-2
2019,1,2,1,-1
2019,1,3,4,-2
2019,1,4,6,3
2019,1,5,5,3
2019,1,6,7,2
2019,1,7,5,1
2019,1,8,6,3
2019,1,9,6,0
2019,1,10,5,3
2019,1,11,5,3
2019,1,12,8,2
2019,1,13,7,3
2019,1,14,7,4
2019,1,15,6,3
2019,1,16,5,1
2019,1,17,8,0
2019,1,18,9,2
2019,1,19,8,6
2019,1,20,7,5
2019,1,21,8,2
2019,1,22,13,2
2019,1,23,15,4
2019,1,24,16,5
2019,1,25,12,8
2019,1,26,10,5
2019,1,27,12,4
2019,1,28,10,5
2019,1,29,9,5
2019,1,30,11,6
2019,1,31,7,3
2019,2,1,10,3
2019,2,2,16,4
2019,2,3,15,9
2019,2,4,11,7
2019,2,5,13,6
2019,2,6,20,8
2019,2,7,14,3
2019,2,8,5,1
2019,2,9,3,0
2019,2,10,2,-1
2019,2,11,3,0
2019,2,12,4,2
2019,2,13,5,3
2019,2,14,5,3
2019,2,15,5,3
2019,2,16,4,2
2019,2,17,4,-6
2019,2,18,4,2
2019,2,19,5,1
2019,2,20,5,2
2019,2,21,5,3
2019,2,22,9,4
2019,2,23,6,4
2019,2,24,8,4
2019,2,25,11,5
2019,2,26,11,7
2019,2,27,9,6
2019,2,28,10,6
2019,3,1,9,6
2019,3,2,9,7
2019,3,3,15,5
2019,3,4,13,5
2019,3,5,14,10
2019,3,6,15,7
2019,3,7,14,8
2019,3,8,10,8
2019,3,9,11,6
2019,3,10,18,6
2019,3,11,21,6
2019,3,12,23,8
2019,3,13,17,10
2019,3,14,19,12
2019,3,15,20,11
2019,3,16,17,12
2019,3,17,14,10
2019,3,18,22,8
2019,3,19,26,12
2019,3,20,30,20
2019,3,21,24,9
2019,3,22,12,8
2019,3,23,13,7
2019,3,24,12,7
2019,3,25,19,6
2019,3,26,17,8
2019,3,27,21,13
2019,3,28,22,16
2019,3,29,24,14
2019,3,30,25,12
2019,3,31,18,10
2019,4,1,20,9
2019,4,2,17,12
2019,4,3,14,12
2019,4,4,17,11
2019,4,5,25,11
2019,4,6,28,14
2019,4,7,31,17
2019,4,8,33,20
2019,4,9,30,12
2019,4,10,13,9
2019,4,11,14,10
2019,4,12,20,11
2019,4,13,18,12
2019,4,14,19,14
2019,4,15,20,12
2019,4,16,25,13
2019,4,17,29,13
2019,4,18,27,18
2019,4,19,27,20
2019,4,20,27,20
2019,4,21,23,18
2019,4,22,21,17
2019,4,23,23,19
2019,4,24,29,21
2019,4,25,31,21
2019,4,26,32,18
2019,4,27,21,16
2019,4,28,18,13
2019,4,29,15,12
2019,4,30,22,12
2019,5,1,26,14
2019,5,2,23,16
2019,5,3,27,14
2019,5,4,28,19
2019,5,5,21,17
2019,5,6,20,17
2019,5,7,19,14
2019,5,8,18,14
2019,5,9,24,14
2019,5,10,28,17
2019,5,11,31,18
2019,5,12,29,19
2019,5,13,23,18
2019,5,14,25,17
2019,5,15,23,18
2019,5,16,22,17
2019,5,17,23,18
2019,5,18,28,20
2019,5,19,24,21
2019,5,20,24,18
2019,5,21,25,15
2019,5,22,29,19
2019,5,23,32,18
2019,5,24,31,21
2019,5,25,29,24
2019,5,26,26,25
2019,5,27,28,23
2019,5,28,27,23
2019,5,29,26,20
2019,5,30,22,19
2019,5,31,25,19
2019,6,1,25,20
2019,6,2,30,21
2019,6,3,33,22
2019,6,4,36,24
2019,6,5,32,26
2019,6,6,29,23
2019,6,7,29,23
2019,6,8,27,23
2019,6,9,30,24
2019,6,10,31,25
2019,6,11,32,24
2019,6,12,26,20
2019,6,13,27,20
2019,6,14,31,20
2019,6,15,33,21
2019,6,16,31,23
2019,6,17,26,23
2019,6,18,28,22
2019,6,19,32,24
2019,6,20,36,27
2019,6,21,31,22
2019,6,22,26,22
2019,6,23,28,22
2019,6,24,29,22
2019,6,25,30,25
2019,6,26,33,24
2019,6,27,33,25
2019,6,28,36,27
2019,6,29,29,23
2019,6,30,30,23
2019,7,1,34,26
2019,7,2,34,26
2019,7,3,34,25
2019,7,4,29,24
2019,7,5,27,25
2019,7,6,33,25
2019,7,7,29,22
2019,7,8,25,23
2019,7,9,26,22
2019,7,10,32,22
2019,7,11,33,24
2019,7,12,27,23
2019,7,13,27,23
2019,7,14,30,23
2019,7,15,31,24
2019,7,16,32,25
2019,7,17,35,27
2019,7,18,36,27
2019,7,19,33,28
2019,7,20,35,26
2019,7,21,35,26
2019,7,22,35,28
2019,7,23,36,28
2019,7,24,36,28
2019,7,25,37,28
2019,7,26,37,29
2019,7,27,37,30
2019,7,28,38,29
2019,7,29,36,30
2019,7,30,37,29
2019,7,31,36,29
2019,8,1,36,29
2019,8,2,36,29
2019,8,3,35,28
2019,8,4,36,29
2019,8,5,35,29
2019,8,6,35,29
2019,8,7,36,28
2019,8,8,35,28
2019,8,9,35,28
2019,8,10,35,28
2019,8,11,36,29
2019,8,12,36,28
2019,8,13,33,26
2019,8,14,35,28
2019,8,15,35,27
2019,8,16,36,28
2019,8,17,36,28
2019,8,18,38,26
2019,8,19,38,29
2019,8,20,37,27
2019,8,21,36,26
2019,8,22,35,27
2019,8,23,35,26
2019,8,24,35,27
2019,8,25,34,28
2019,8,26,32,26
2019,8,27,35,27
2019,8,28,32,26
2019,8,29,29,25
2019,8,30,29,25
2019,8,31,32,24
2019,9,1,28,23
2019,9,2,28,22
2019,9,3,31,22
2019,9,4,31,22
2019,9,5,32,22
2019,9,6,33,23
2019,9,7,34,24
2019,9,8,35,24
2019,9,9,37,26
2019,9,10,36,26
2019,9,11,36,26
2019,9,12,36,27
2019,9,13,38,27
2019,9,14,35,23
2019,9,15,32,25
2019,9,16,30,22
2019,9,17,29,23
2019,9,18,27,21
2019,9,19,25,19
2019,9,20,29,20
2019,9,21,28,20
2019,9,22,30,19
2019,9,23,31,18
2019,9,24,31,18
2019,9,25,30,18
2019,9,26,28,20
2019,9,27,32,19
2019,9,28,33,19
2019,9,29,34,19
2019,9,30,35,19
2019,10,1,34,19
2019,10,2,35,20
2019,10,3,35,21
2019,10,4,36,24
2019,10,5,30,25
2019,10,6,26,17
2019,10,7,19,16
2019,10,8,21,16
2019,10,9,26,18
2019,10,10,31,21
2019,10,11,23,20
2019,10,12,20,18
2019,10,13,21,17
2019,10,14,23,19
2019,10,15,21,15
2019,10,16,17,14
2019,10,17,17,14
2019,10,18,23,14
2019,10,19,26,13
2019,10,20,28,14
2019,10,21,28,15
2019,10,22,22,16
2019,10,23,22,17
2019,10,24,24,15
2019,10,25,19,13
2019,10,26,14,12
2019,10,27,15,9
2019,10,28,21,12
2019,10,29,25,10
2019,10,30,26,12
2019,10,31,27,11
2019,11,1,25,12
2019,11,2,24,14
2019,11,3,26,14
2019,11,4,23,14
2019,11,5,22,13
2019,11,6,20,14
2019,11,7,23,14
2019,11,8,24,12
2019,11,9,22,12
2019,11,10,24,12
2019,11,11,24,11
2019,11,12,22,15
2019,11,13,17,14
2019,11,14,22,11
2019,11,15,24,9
2019,11,16,25,13
2019,11,17,23,12
2019,11,18,11,7
2019,11,19,17,7
2019,11,20,18,9
2019,11,21,17,10
2019,11,22,21,10
2019,11,23,24,11
2019,11,24,19,12
2019,11,25,12,4
2019,11,26,7,4
2019,11,27,7,6
2019,11,28,9,5
2019,11,29,11,6
2019,11,30,10,6
2019,12,1,7,5
2019,12,2,14,4
2019,12,3,15,2
2019,12,4,16,2
2019,12,5,16,5
2019,12,6,15,6
2019,12,7,17,3
2019,12,8,18,2
2019,12,9,19,4
2019,12,10,21,6
2019,12,11,19,6
2019,12,12,19,5
2019,12,13,20,6
2019,12,14,21,8
2019,12,15,18,10
2019,12,16,15,10
2019,12,17,11,9
2019,12,18,8,4
2019,12,19,8,4
2019,12,20,8,5
2019,12,21,8,5
2019,12,22,10,5
2019,12,23,10,6
2019,12,24,11,6
2019,12,25,9,8
2019,12,26,9,4
2019,12,27,12,2
2019,12,28,10,5
2019,12,29,11,7
2019,12,30,13,7
2019,12,31,8,3
2020,1,1,9,4
2020,1,2,9,4
2020,1,3,7,5
2020,1,4,9,6
2020,1,5,16,6
2020,1,6,13,6
2020,1,7,10,4
2020,1,8,12,3
2020,1,9,6,3
2020,1,10,4,2
2020,1,11,6,2
2020,1,12,10,0
2020,1,13,11,0
2020,1,14,8,6
2020,1,15,7,2
2020,1,16,6,2
2020,1,17,8,2
2020,1,18,7,3
2020,1,19,11,4
2020,1,20,9,3
2020,1,21,10,8
2020,1,22,9,7
2020,1,23,8,5
2020,1,24,8,5
2020,1,25,6,3
2020,1,26,5,2
2020,1,27,6,2
2020,1,28,10,1
2020,1,29,12,0
2020,1,30,15,1
2020,1,31,16,1
2020,2,1,12,6
2020,2,2,9,7
2020,2,3,11,6
2020,2,4,12,5
2020,2,5,16,7
2020,2,6,10,5
2020,2,7,8,5
2020,2,8,8,4
2020,2,9,13,5
2020,2,10,11,6
2020,2,11,12,8
2020,2,12,18,9
2020,2,13,17,12
2020,2,14,20,13
2020,2,15,16,1
2020,2,16,9,0
2020,2,17,13,-1
2020,2,18,15,1
2020,2,19,12,6
2020,2,20,18,4
2020,2,21,14,10
2020,2,22,18,8
2020,2,23,22,10
2020,2,24,26,13
2020,2,25,25,14
2020,2,26,18,13
2020,2,27,16,11
2020,2,28,13,8
2020,2,29,11,9
2020,3,1,18,9
2020,3,2,14,8
2020,3,3,10,6
2020,3,4,12,7
2020,3,5,14,7
2020,3,6,14,10
2020,3,7,15,10
2020,3,8,17,12
2020,3,9,15,10
2020,3,10,17,8
2020,3,11,15,7
2020,3,12,16,11
2020,3,13,18,11
2020,3,14,19,10
2020,3,15,23,8
2020,3,16,17,13
2020,3,17,17,12
2020,3,18,22,9
2020,3,19,25,12
2020,3,20,27,12
2020,3,21,28,17
2020,3,22,24,17
2020,3,23,21,16
2020,3,24,22,17
2020,3,25,27,18
2020,3,26,25,19
2020,3,27,19,6
2020,3,28,10,6
2020,3,29,9,6
2020,3,30,11,7
2020,3,31,14,8
2020,4,1,18,6
2020,4,2,15,12
2020,4,3,14,11
2020,4,4,18,11
2020,4,5,18,13
2020,4,6,20,12
2020,4,7,23,10
2020,4,8,24,10
2020,4,9,27,11
2020,4,10,24,13
2020,4,11,14,9
2020,4,12,20,6
2020,4,13,23,8
2020,4,14,23,12
2020,4,15,27,13
2020,4,16,30,17
2020,4,17,28,19
2020,4,18,20,15
2020,4,19,22,13
2020,4,20,18,13
2020,4,21,15,13
2020,4,22,18,13
2020,4,23,18,14
2020,4,24,23,11
2020,4,25,27,14
2020,4,26,28,14
2020,4,27,31,16
2020,4,28,28,16
2020,4,29,32,20
2020,4,30,30,20
2020,5,1,28,22
2020,5,2,32,23
2020,5,3,34,22
2020,5,4,34,23
2020,5,5,29,20
2020,5,6,27,20
2020,5,7,28,20
2020,5,8,32,20
2020,5,9,24,19
2020,5,10,25,18
2020,5,11,28,17
2020,5,12,30,15
2020,5,13,30,16
2020,5,14,28,20
2020,5,15,24,20
2020,5,16,29,21
2020,5,17,30,21
2020,5,18,30,20
2020,5,19,32,17
2020,5,20,29,19
2020,5,21,26,20
2020,5,22,29,20
2020,5,23,32,19
2020,5,24,34,20
2020,5,25,26,18
2020,5,26,28,18
2020,5,27,29,20
2020,5,28,30,20
2020,5,29,25,20
2020,5,30,30,20
2020,5,31,30,20
2020,6,1,27,22
2020,6,2,28,22
2020,6,3,28,22
2020,6,4,30,23
2020,6,5,28,23
2020,6,6,29,23
2020,6,7,29,24
2020,6,8,30,25
2020,6,9,28,24
2020,6,10,28,24
2020,6,11,30,24
2020,6,12,32,25
2020,6,13,35,27
2020,6,14,35,27
2020,6,15,36,27
2020,6,16,35,27
2020,6,17,35,28
2020,6,18,30,23
2020,6,19,27,22
2020,6,20,31,23
2020,6,21,34,24
2020,6,22,32,24
2020,6,23,26,23
2020,6,24,26,23
2020,6,25,29,23
2020,6,26,32,24
2020,6,27,33,26
2020,6,28,34,27
2020,6,29,32,25
2020,6,30,29,25
2020,7,1,31,25
2020,7,2,31,25
2020,7,3,29,25
2020,7,4,31,25
2020,7,5,34,26
2020,7,6,34,27
2020,7,7,33,27
2020,7,8,28,24
2020,7,9,28,24
2020,7,10,26,25
2020,7,11,32,25
2020,7,12,34,27
2020,7,13,32,25
2020,7,14,35,25
2020,7,15,35,26
2020,7,16,35,27
2020,7,17,34,27
2020,7,18,35,28
2020,7,19,30,23
2020,7,20,26,23
2020,7,21,34,24
2020,7,22,36,26
2020,7,23,36,27
2020,7,24,36,27
2020,7,25,36,28
2020,7,26,34,26
2020,7,27,27,25
2020,7,28,30,24
2020,7,29,32,25
2020,7,30,33,26
2020,7,31,34,26
2020,8,1,36,26
2020,8,2,36,28
2020,8,3,36,27
2020,8,4,36,27
2020,8,5,37,27
2020,8,6,35,28
2020,8,7,35,27
2020,8,8,34,28
2020,8,9,33,26
2020,8,10,32,26
2020,8,11,31,26
2020,8,12,34,27
2020,8,13,35,27
2020,8,14,35,27
2020,8,15,35,27
2020,8,16,35,27
2020,8,17,35,27
2020,8,18,36,26
2020,8,19,36,26
2020,8,20,35,26
2020,8,21,34,25
2020,8,22,33,25
2020,8,23,35,25
2020,8,24,37,26
2020,8,25,28,25
2020,8,26,33,24
2020,8,27,35,23
2020,8,28,35,23
2020,8,29,35,24
2020,8,30,35,24
2020,8,31,35,25
2020,9,1,35,25
2020,9,2,34,24
2020,9,3,34,22
2020,9,4,24,21
2020,9,5,30,23
2020,9,6,30,20
2020,9,7,30,22
2020,9,8,32,23
2020,9,9,33,24
2020,9,10,26,21
2020,9,11,26,22
2020,9,12,29,22
2020,9,13,28,21
2020,9,14,26,21
2020,9,15,25,21
2020,9,16,22,20
2020,9,17,21,17
2020,9,18,24,18
2020,9,19,23,19
2020,9,20,21,19
2020,9,21,20,19
2020,9,22,20,18
2020,9,23,19,18
2020,9,24,24,19
2020,9,25,24,18
2020,9,26,20,18
2020,9,27,22,18
2020,9,28,25,19
2020,9,29,21,19
2020,9,30,25,20
2020,10,1,27,21
2020,10,2,28,21
2020,10,3,24,16
2020,10,4,16,12
2020,10,5,12,11
2020,10,6,14,9
2020,10,7,14,13
2020,10,8,17,15
2020,10,9,24,15
2020,10,10,26,16
2020,10,11,26,17
2020,10,12,27,18
2020,10,13,24,17
2020,10,14,20,16
2020,10,15,17,14
2020,10,16,16,14
2020,10,17,17,13
2020,10,18,14,12
2020,10,19,18,13
2020,10,20,18,14
2020,10,21,22,12
2020,10,22,26,11
2020,10,23,26,12
2020,10,24,24,13
2020,10,25,22,16
2020,10,26,20,15
2020,10,27,23,14
2020,10,28,22,14
2020,10,29,20,15
2020,10,30,21,16
2020,10,31,20,16
2020,11,1,18,15
2020,11,2,19,14
2020,11,3,21,14
2020,11,4,23,13
2020,11,5,20,14
2020,11,6,21,13
2020,11,7,25,12
2020,11,8,23,11
2020,11,9,24,10
2020,11,10,23,9
2020,11,11,24,10
2020,11,12,23,10
2020,11,13,24,10
2020,11,14,22,12
2020,11,15,24,14
2020,11,16,18,17
2020,11,17,24,20
2020,11,18,30,18
2020,11,19,18,14
2020,11,20,16,11
2020,11,21,9,7
2020,11,22,9,7
2020,11,23,7,6
2020,11,24,6,5
2020,11,25,7,6
2020,11,26,8,7
2020,11,27,9,7
2020,11,28,8,6
2020,11,29,9,6
2020,11,30,9,7
2020,12,1,7,5
2020,12,2,7,5
2020,12,3,6,4
2020,12,4,6,2
2020,12,5,11,4
2020,12,6,12,6
2020,12,7,9,6
2020,12,8,8,7
2020,12,9,9,8
2020,12,10,10,8
2020,12,11,10,8
2020,12,12,10,7
2020,12,13,9,0
2020,12,14,1,0
2020,12,15,4,2
2020,12,16,5,3
2020,12,17,5,3
2020,12,18,8,5
2020,12,19,7,1
2020,12,20,11,0
2020,12,21,11,0
2020,12,22,12,4
2020,12,23,13,6
2020,12,24,14,6
2020,12,25,14,5
2020,12,26,14,8
2020,12,27,15,7
2020,12,28,17,7
2020,12,29,9,-1
2020,12,30,7,-4
2020,12,31,4,-3
2021,1,1,10,-2
2021,1,2,13,3
2021,1,3,9,3
2021,1,4,10,4
2021,1,5,5,3
2021,1,6,3,0
2021,1,7,2,-4
2021,1,8,6,-3
2021,1,9,7,0
2021,1,10,6,1
2021,1,11,10,-1
2021,1,12,14,0
2021,1,13,18,4
2021,1,14,20,4
2021,1,15,20,5
2021,1,16,9,4
2021,1,17,11,0
2021,1,18,15,2
2021,1,19,17,4
2021,1,20,12,9
2021,1,21,9,6
2021,1,22,10,5
2021,1,23,14,4
2021,1,24,12,7
2021,1,25,8,4
2021,1,26,7,6
2021,1,27,6,4
2021,1,28,13,1
2021,1,29,16,8
2021,1,30,12,8
2021,1,31,11,8
2021,2,1,13,4
2021,2,2,13,7
2021,2,3,13,9
2021,2,4,12,9
2021,2,5,8,5
2021,2,6,16,8
2021,2,7,14,9
2021,2,8,10,7
2021,2,9,9,6
2021,2,10,10,8
2021,2,11,10,7
2021,2,12,17,7
2021,2,13,21,8
2021,2,14,22,9
2021,2,15,23,9
2021,2,16,11,5
2021,2,17,17,6
2021,2,18,20,5
2021,2,19,22,7
2021,2,20,24,10
2021,2,21,26,16
2021,2,22,26,16
2021,2,23,23,14
2021,2,24,14,9
2021,2,25,8,6
2021,2,26,6,5
2021,2,27,10,7
2021,2,28,9,6
2021,3,1,9,5
2021,3,2,11,8
2021,3,3,11,6
2021,3,4,13,9
2021,3,5,11,10
2021,3,6,13,6
2021,3,7,6,6
2021,3,8,9,7
2021,3,9,10,8
2021,3,10,10,9
2021,3,11,11,9
2021,3,12,19,10
2021,3,13,19,13
2021,3,14,22,16
2021,3,15,26,17
2021,3,16,18,15
2021,3,17,15,11
2021,3,18,12,11
2021,3,19,9,8
2021,3,20,10,8
2021,3,21,14,8
2021,3,22,20,6
2021,3,23,15,7
2021,3,24,24,11
2021,3,25,27,15
2021,3,26,25,15
2021,3,27,14,11
2021,3,28,25,16
2021,3,29,29,19
2021,3,30,21,14
2021,3,31,15,13
2021,4,1,13,11
2021,4,2,14,11
2021,4,3,13,11
2021,4,4,14,11
2021,4,5,12,11
2021,4,6,17,11
2021,4,7,14,12
2021,4,8,15,11
2021,4,9,21,14
2021,4,10,16,13
2021,4,11,15,13
2021,4,12,19,14
2021,4,13,17,14
2021,4,14,17,14
2021,4,15,20,14
2021,4,16,20,14
2021,4,17,22,15
2021,4,18,16,14
2021,4,19,20,16
2021,4,20,24,19
2021,4,21,22,17
2021,4,22,22,16
2021,4,23,27,18
2021,4,24,20,15
2021,4,25,15,14
2021,4,26,17,14
2021,4,27,19,14
2021,4,28,20,13
2021,4,29,24,16
2021,4,30,32,18
2021,5,1,33,19
2021,5,2,33,18
2021,5,3,31,19
2021,5,4,24,17
2021,5,5,28,17
2021,5,6,24,20
2021,5,7,26,19
2021,5,8,28,21
2021,5,9,33,23
2021,5,10,33,23
2021,5,11,25,20
2021,5,12,26,22
2021,5,13,25,23
2021,5,14,34,25
2021,5,15,34,23
2021,5,16,21,15
2021,5,17,21,15
2021,5,18,18,15
2021,5,19,18,16
2021,5,20,21,16
2021,5,21,18,17
2021,5,22,22,18
2021,5,23,19,18
2021,5,24,25,18
2021,5,25,23,20
2021,5,26,25,20
2021,5,27,25,19
2021,5,28,26,19
2021,5,29,22,19
2021,5,30,26,19
2021,5,31,30,21
2021,6,1,33,23
2021,6,2,30,24
2021,6,3,25,20
2021,6,4,28,16
2021,6,5,30,18
2021,6,6,33,20
2021,6,7,34,23
2021,6,8,37,23
2021,6,9,34,25
2021,6,10,29,24
2021,6,11,29,23
2021,6,12,32,23
2021,6,13,34,27
2021,6,14,35,27
2021,6,15,29,22
2021,6,16,35,27
2021,6,17,35,26
2021,6,18,31,23
2021,6,19,23,21
2021,6,20,25,21
2021,6,21,31,22
2021,6,22,31,23
2021,6,23,34,25
2021,6,24,34,25
2021,6,25,36,27
2021,6,26,36,28
2021,6,27,34,26
2021,6,28,30,26
2021,6,29,30,25
2021,6,30,30,25
2021,7,1,29,25
2021,7,2,32,27
2021,7,3,23,19
2021,7,4,31,26
2021,7,5,22,11
2021,7,6,37,27
2021,7,7,36,27
2021,7,8,35,28
2021,7,9,35,28
2021,7,10,36,28
2021,7,11,36,28
2021,7,12,36,28
2021,7,13,36,28
2021,7,14,37,28
2021,7,15,36,28
2021,7,16,36,28
2021,7,17,34,28
2021,7,18,30,24
2021,7,19,35,25
2021,7,20,36,26
2021,7,21,35,24
2021,7,22,36,26
2021,7,23,36,26
2021,7,24,35,26
2021,7,25,34,26
2021,7,26,35,26
2021,7,27,35,26
2021,7,28,35,26
2021,7,29,36,26
2021,7,30,36,27
2021,7,31,36,27
2021,8,1,40,26
2021,8,2,32,19
2021,8,3,37,27
2021,8,4,35,27
2021,8,5,36,27
2021,8,6,35,27
2021,8,7,35,27
2021,8,8,36,28
2021,8,9,33,25
2021,8,10,30,25
2021,8,11,30,25
2021,8,12,34,25
2021,8,13,31,22
2021,8,14,24,22
2021,8,15,27,24
2021,8,16,32,25
2021,8,17,34,25
2021,8,18,35,25
2021,8,19,35,26
2021,8,20,36,27
2021,8,21,35,27
2021,8,22,35,27
2021,8,23,34,27
2021,8,24,27,23
2021,8,25,27,23
2021,8,26,24,21
2021,8,27,24,21
2021,8,28,31,25
2021,8,29,34,26
2021,8,30,36,26
2021,8,31,37,26
2021,9,1,36,27
2021,9,2,33,25
2021,9,3,35,27
2021,9,4,37,27
2021,9,5,34,25
2021,9,6,29,23
2021,9,7,29,23
2021,9,8,31,23
2021,9,9,35,24
2021,9,10,36,24
2021,9,11,34,24
2021,9,12,34,24
2021,9,13,33,23
2021,9,14,34,23
2021,9,15,35,24
2021,9,16,33,24
2021,9,17,34,24
2021,9,18,36,24
2021,9,19,37,21
2021,9,20,27,21
2021,9,21,34,20
2021,9,22,16,-2
2021,9,23,36,25
2021,9,24,37,27
2021,9,25,37,26
2021,9,26,39,26
2021,9,27,31,24
2021,9,28,36,22
2021,9,29,29,22
2021,9,30,31,23
